timestamp,thermostat_setpoint_c,thermostat_mode,fan_mode,indoor_temp_c,indoor_humidity_percent,indoor_air_quality_co2_ppm,outdoor_temp_c,outdoor_humidity_percent,weather_condition,wind_speed_kmh,solar_irradiance_wm2,hvac_state,energy_consumption_kwh,compressor_runtime_min,fan_speed_rpm,supply_air_temp_c,return_air_temp_c,filter_pressure_pa,refrigerant_pressure_psi,cop_efficiency,room_name,room_size_m2,occupancy_percent,activity_level,appliance_load_w,tv_on,lights_on,window_open,thermal_comfort_pmv,predicted_dissatisfied_ppd,dew_point_c,heat_index_c,energy_cost_usd,electricity_rate_usd_per_kwh,time_of_use_period,filter_age_days,battery_level_percent,wifi_signal_dbm,temp_deviation_from_setpoint,indoor_outdoor_temp_diff,hvac_cycle_count_today
2025-11-20 11:01:07.125073,18.0,auto,auto,20.6,69.8,690,15.7,52.1,cloudy,12.0,714.739841027902,cooling,0.665,7.914245764100915,1600,12.2,20.6,83.50746068110267,165.39747618586762,3.48,Master Bedroom,25,29,low,28.606147547314787,False,False,False,-0.44,9.0,14.6,20.63808192136697,0.0998,0.15,mid-peak,9,84,-52,2.6,4.9,4
2025-11-20 11:16:07.125073,18.0,auto,auto,21.4,61.8,500,18.1,50.7,partly_cloudy,26.0,691.9295515471775,cooling,0.712,10.15235476632305,800,10.3,21.4,72.0074340441737,188.27026063732467,3.4,Master Bedroom,25,10,low,10.400107507027577,False,False,False,-0.2,5.8,13.8,21.384118255441017,0.1068,0.15,mid-peak,74,94,-52,3.4,3.3,1
2025-11-20 11:31:07.125073,18.0,auto,auto,20.8,55.9,500,12.7,36.1,clear,4.9,745.4451131504394,cooling,0.676,8.424854882224391,1200,9.8,20.8,71.25961646307505,191.459533294591,3.58,Master Bedroom,25,10,low,10.193699554017824,False,False,False,-0.38,8.0,12.0,20.808284960741464,0.1014,0.15,mid-peak,65,82,-64,2.8,8.1,9
2025-11-20 11:46:07.125073,18.0,auto,auto,20.7,58.4,700,15.1,39.4,partly_cloudy,8.4,822.7807326580679,cooling,0.666,7.974440893455359,1200,12.2,20.7,79.62946065079353,165.05633906615998,3.5,Master Bedroom,25,30,low,29.61656695714696,False,False,False,-0.43,8.9,12.3,20.65814696448512,0.0999,0.15,mid-peak,74,88,-51,2.7,5.6,0
2025-11-20 17:01:07.125073,20.0,auto,auto,19.0,70.0,1350,10.7,63.5,cloudy,2.9,248.96293260194184,heating,0.698,2.9010748887514204,1200,34.2,19.0,86.4800718641946,189.58425783047028,2.66,Master Bedroom,25,95,medium,95.16460812402529,False,True,False,-0.94,23.8,13.0,19.03297503708286,0.1745,0.25,peak,71,95,-50,-1.0,8.3,11
2025-11-20 17:16:07.125073,20.0,auto,auto,18.3,70.0,1390,10.5,66.5,cloudy,18.0,229.02002429282467,heating,0.751,5.0466706417498735,1600,34.3,18.3,89.3329190323008,174.31309487476068,2.68,Master Bedroom,25,99,medium,199.39879575111075,True,True,False,-1.17,33.9,12.3,18.317776452750042,0.1878,0.25,peak,51,92,-54,-1.7,7.8,14
2025-11-20 17:31:07.125073,20.0,auto,auto,18.7,59.5,1210,9.8,36.5,clear,18.6,161.24140190439383,heating,0.723,3.939031323576625,1200,35.7,18.7,76.10987619263588,171.00966304397798,2.71,Master Bedroom,25,81,medium,80.85086596189305,False,True,False,-1.05,28.5,10.6,18.68698955880779,0.1808,0.25,peak,43,98,-58,-1.3,8.9,8
2025-11-20 17:46:07.125073,20.0,auto,auto,19.9,70.0,1380,9.7,61.4,clear,23.4,267.8184842853879,off,0.0,0.0,0,19.8830391526312,19.8830391526312,50.090781580694475,126.03221462543009,0.0,Master Bedroom,25,98,medium,98.35815740289023,False,True,False,-0.67,14.5,13.9,19.8830391526312,0.0,0.25,peak,18,92,-56,-0.1,10.2,12
2025-11-20 23:01:07.125073,22.0,auto,auto,19.7,70.0,410,-4.5,70.1,cloudy,14.7,0.0,heating,0.798,6.92755277420072,800,36.0,19.7,85.42664663486488,174.41392639784524,3.42,Master Bedroom,25,1,sleep,0.7555249476781167,False,True,False,-0.74,16.7,13.7,19.690815741933093,0.0798,0.1,off-peak,48,82,-47,-2.3,24.2,7
2025-11-20 23:16:07.125073,22.0,auto,auto,18.8,70.0,440,-5.5,59.4,snow,22.3,0.0,heating,0.862,9.460889728312601,800,34.3,18.8,79.37054420604971,173.36115784981365,3.48,Master Bedroom,25,4,sleep,3.666844950591143,False,True,False,-1.02,26.8,12.8,18.846370090562466,0.0862,0.1,off-peak,53,90,-41,-3.2,24.3,4
2025-11-20 23:31:07.125073,22.0,auto,auto,18.6,70.0,420,-7.8,50.3,partly_cloudy,4.6,0.0,heating,0.881,10.242699098717353,800,38.1,18.6,81.99632948886276,182.57336185476368,3.59,Master Bedroom,25,2,sleep,1.9565698744080762,False,True,False,-1.1,30.5,12.6,18.585766967094216,0.0881,0.1,off-peak,85,89,-53,-3.4,26.4,17
2025-11-20 23:46:07.125073,22.0,auto,auto,19.3,70.0,500,-2.3,62.0,partly_cloudy,5.1,0.0,heating,0.829,8.151314249775009,1200,36.3,19.3,72.84231794899728,190.79296578413633,3.32,Master Bedroom,25,10,sleep,9.622839325897653,False,True,False,-0.88,21.2,13.3,19.282895250074997,0.0829,0.1,off-peak,13,95,-60,-2.7,21.6,6
2025-11-21 05:01:07.125073,23.0,auto,auto,21.5,66.4,470,3.5,56.6,clear,7.1,0.0,heating,0.734,4.36952182523677,1600,39.7,21.5,82.10207123359982,192.0964133757955,3.03,Master Bedroom,25,7,sleep,7.487340275274108,False,True,False,-0.15,5.4,14.8,21.543492724921077,0.0734,0.1,off-peak,50,99,-59,-1.5,18.0,0
2025-11-21 05:16:07.125073,23.0,auto,auto,21.3,70.0,440,2.0,78.5,cloudy,15.5,0.0,heating,0.751,5.04043007695487,1200,39.3,21.3,75.22824465034486,182.2335802876283,3.1,Master Bedroom,25,4,sleep,3.8563870948512546,False,True,False,-0.22,6.0,15.3,21.319856641015043,0.0751,0.1,off-peak,75,95,-50,-1.7,19.3,2
2025-11-21 05:31:07.125073,23.0,auto,auto,20.7,58.2,420,1.2,42.1,partly_cloudy,0.7,0.0,heating,0.801,7.032031122519818,1600,38.4,20.7,71.09951153597385,175.19033244076695,3.14,Master Bedroom,25,2,sleep,2.142425319456722,False,True,False,-0.43,8.9,12.3,20.655989625826727,0.0801,0.1,off-peak,53,91,-57,-2.3,19.5,16
2025-11-21 05:46:07.125073,23.0,auto,auto,21.6,70.0,400,6.5,56.8,partly_cloudy,14.7,0.0,heating,0.732,4.27827254547104,1200,37.4,21.6,72.87237978847122,181.11811563654126,2.88,Master Bedroom,25,0,sleep,0.07950839934656062,False,True,False,-0.14,5.4,15.6,21.573909151509653,0.0732,0.1,off-peak,89,85,-51,-1.4,15.1,12
2025-11-21 11:01:07.125073,21.0,auto,auto,22.8,64.2,570,14.6,53.3,rain,9.0,720.107972121473,cooling,0.613,5.42013511706779,800,13.3,22.8,71.42132128167006,177.79896625275833,3.51,Master Bedroom,25,17,low,16.93929048635347,False,False,False,0.26,6.4,15.6,22.806711705689263,0.0919,0.15,mid-peak,36,89,-70,1.8,8.2,5
2025-11-21 11:16:07.125073,21.0,auto,auto,23.2,70.0,530,8.3,58.9,cloudy,27.7,832.8698763106571,cooling,0.636,6.52190978414826,1600,14.6,23.2,87.129842274977,177.09691059081428,3.72,Master Bedroom,25,13,low,12.524592840883821,False,False,False,0.38,7.9,17.2,23.17396992804942,0.0954,0.15,mid-peak,49,87,-66,2.2,14.9,20
2025-11-21 11:31:07.125073,21.0,auto,auto,24.4,65.1,660,19.0,54.1,clear,8.9,725.5649948850753,cooling,0.714,10.253267284342005,800,9.5,24.4,89.10008101034282,187.62734737220637,3.37,Master Bedroom,25,26,low,25.685401104940265,False,False,False,0.77,17.6,17.4,24.417755761447335,0.1071,0.15,mid-peak,42,94,-67,3.4,5.4,15
2025-11-21 11:46:07.125073,21.0,auto,auto,23.4,68.6,670,17.9,66.0,partly_cloudy,14.1,849.3463394997467,cooling,0.649,7.1541331164090565,800,9.8,23.4,74.1583289675689,167.36985998081983,3.4,Master Bedroom,25,27,low,26.8407097894638,False,False,False,0.44,9.1,17.1,23.38471103880302,0.0974,0.15,mid-peak,86,87,-40,2.4,5.5,16
2025-11-21 17:01:07.125073,19.0,auto,auto,16.7,70.0,1330,4.4,65.8,snow,29.2,244.7225761055558,heating,0.794,6.761915576710685,1600,38.0,16.7,71.30622256644276,171.1701480647861,2.98,Master Bedroom,25,93,medium,93.23722074906982,False,True,False,-1.67,60.2,10.7,16.74602814109644,0.1985,0.25,peak,14,98,-40,-2.3,12.3,5
2025-11-21 17:16:07.125073,19.0,auto,auto,17.7,70.0,1250,9.9,47.5,snow,26.0,122.26024872146662,heating,0.724,3.967328774566429,1200,38.1,17.7,77.10658914229587,169.03099962759066,2.7,Master Bedroom,25,85,medium,85.02583703345361,False,True,False,-1.38,44.2,11.7,17.677557075144524,0.181,0.25,peak,17,96,-51,-1.3,7.8,3
2025-11-21 17:31:07.125073,19.0,auto,auto,17.4,70.0,1360,7.7,66.5,clear,12.0,213.50564566267116,heating,0.745,4.814896031793147,800,36.8,17.4,73.77691912427002,193.4886585531874,2.82,Master Bedroom,25,96,medium,195.64998930628735,True,True,False,-1.47,49.0,11.4,17.39503465606895,0.1862,0.25,peak,67,96,-41,-1.6,9.7,2
2025-11-21 17:46:07.125073,19.0,auto,auto,18.4,70.0,1320,12.5,55.0,partly_cloudy,17.6,278.4465819960234,heating,0.667,1.680805796452205,800,36.5,18.4,71.85993868952542,170.47149844283996,2.58,Master Bedroom,25,92,medium,91.79716280859081,False,True,False,-1.13,32.0,12.4,18.4397314011826,0.1668,0.25,peak,10,84,-57,-0.6,5.9,12
2025-11-21 11:01:07.125073,18.0,auto,auto,21.2,70.0,600,17.2,60.4,snow,23.7,751.1951203609193,cooling,0.698,9.509469678835188,1600,6.3,21.2,79.52387161296723,182.7576729813007,3.43,Master Bedroom,25,20,low,19.806034953740408,False,False,False,-0.27,6.5,15.2,21.169823226278396,0.1047,0.15,mid-peak,67,80,-57,3.2,4.0,7
2025-11-21 11:16:07.125073,18.0,auto,auto,21.1,67.5,680,12.3,51.5,snow,7.6,730.6428276519254,cooling,0.691,9.152780423476738,1200,10.8,21.1,72.22488118189604,182.1154415968649,3.59,Master Bedroom,25,28,low,28.182531538241374,False,False,False,-0.3,6.9,14.6,21.05092680782558,0.1036,0.15,mid-peak,47,89,-66,3.1,8.8,16
2025-11-21 11:31:07.125073,18.0,auto,auto,19.1,67.2,630,10.4,41.6,clear,9.5,689.72425823814,cooling,0.571,3.4049650781452208,1600,6.2,19.1,84.45233721784996,177.19041323242305,3.65,Master Bedroom,25,23,low,22.87336563083037,False,False,False,-0.92,22.8,12.6,19.13498835938174,0.0856,0.15,mid-peak,48,95,-56,1.1,8.7,9
2025-11-21 11:46:07.125073,18.0,auto,auto,20.0,52.3,560,10.6,33.0,clear,18.5,740.9718600105103,cooling,0.626,6.048400918324795,800,6.6,20.0,88.39260455102912,166.89797165396473,3.65,Master Bedroom,25,16,low,16.19049294474932,False,False,False,-0.64,13.5,10.5,20.0161336394416,0.0939,0.15,mid-peak,40,97,-67,2.0,9.4,5
2025-11-21 17:01:07.125073,20.0,auto,auto,18.8,69.9,1260,7.5,45.2,clear,3.7,198.81051762393938,heating,0.715,3.615236437132097,1600,39.7,18.8,80.2499446374369,175.21651271044684,2.82,Master Bedroom,25,86,medium,86.17675533741397,False,True,False,-1.02,27.0,12.8,18.794921187622634,0.1788,0.25,peak,84,83,-65,-1.2,11.3,4
2025-11-21 17:16:07.125073,20.0,auto,auto,19.5,70.0,1400,6.7,81.5,snow,21.5,222.03500036940858,off,0.0,0.0,0,19.53972139046708,19.53972139046708,54.41835364202799,128.2560690087501,0.0,Master Bedroom,25,100,medium,199.51210032255912,True,True,False,-0.78,17.9,13.5,19.53972139046708,0.0,0.25,peak,80,100,-69,-0.5,12.8,17
2025-11-21 17:31:07.125073,20.0,auto,auto,19.2,70.0,1360,8.3,46.8,clear,20.9,159.9587289870476,heating,0.684,2.3434656571286823,1600,41.3,19.2,86.30342929217154,177.37309143898355,2.78,Master Bedroom,25,96,medium,95.54242065161567,False,True,False,-0.88,21.5,13.2,19.218844780957106,0.171,0.25,peak,82,97,-45,-0.8,10.9,3
2025-11-21 17:46:07.125073,20.0,auto,auto,19.2,70.0,1380,5.1,47.8,snow,10.6,287.21951161900085,heating,0.682,2.275875854435462,1200,35.6,19.2,74.99014929485075,190.92788256838276,2.94,Master Bedroom,25,98,medium,97.74827050256604,False,True,False,-0.88,21.3,13.2,19.24137471518818,0.1705,0.25,peak,33,82,-67,-0.8,14.1,10
2025-11-21 23:01:07.125073,22.0,auto,auto,20.2,59.4,490,-0.0,35.9,snow,1.2,0.0,heating,0.76,5.41929233899986,800,38.0,20.2,75.68740351791661,172.98413730693375,3.2,Master Bedroom,25,9,sleep,8.82888862653581,False,True,False,-0.58,12.1,12.1,20.19356922033338,0.076,0.1,off-peak,3,84,-45,-1.8,20.2,7
2025-11-21 23:16:07.125073,22.0,auto,auto,19.9,70.0,480,1.2,63.3,partly_cloudy,23.8,0.0,heating,0.781,6.231942366704484,1200,36.9,19.9,73.90608225833112,169.17840552514025,3.14,Master Bedroom,25,8,sleep,8.49682533006958,False,True,False,-0.67,14.4,13.9,19.922685877765172,0.0781,0.1,off-peak,63,80,-55,-2.1,18.7,16
2025-11-21 23:31:07.125073,22.0,auto,auto,19.6,70.0,440,1.8,59.6,clear,28.7,0.0,heating,0.803,7.105547609097297,1600,39.1,19.6,82.04734187774042,166.92519993927175,3.11,Master Bedroom,25,4,sleep,4.155126859685063,False,True,False,-0.76,17.3,13.6,19.6314841303009,0.0803,0.1,off-peak,9,82,-70,-2.4,17.8,9
2025-11-21 23:46:07.125073,22.0,auto,auto,19.7,70.0,410,-3.8,53.6,clear,5.7,0.0,heating,0.799,6.94266902215972,1600,35.4,19.7,70.46250986080281,174.97711565462123,3.39,Master Bedroom,25,1,sleep,0.9720767430333134,False,True,False,-0.75,16.7,13.7,19.685776992613427,0.0799,0.1,off-peak,17,84,-53,-2.3,23.5,19
2025-11-22 05:01:07.125073,23.0,auto,auto,20.8,70.0,470,-2.2,64.6,rain,12.5,0.0,heating,0.788,6.525458487338518,1600,37.9,20.8,78.36351961485991,169.329964345502,3.31,Master Bedroom,25,7,sleep,6.651205940113876,False,True,False,-0.38,8.0,14.8,20.82484717088716,0.0788,0.1,off-peak,71,80,-69,-2.2,23.0,4
2025-11-22 05:16:07.125073,23.0,auto,auto,21.0,70.0,440,3.9,72.1,snow,7.0,0.0,heating,0.779,6.140315007149006,800,42.5,21.0,76.99320363276999,191.958069271987,3.01,Master Bedroom,25,4,sleep,3.626408075520573,False,True,False,-0.34,7.4,15.0,20.95322833095033,0.0779,0.1,off-peak,88,88,-56,-2.0,17.1,3
2025-11-22 05:31:07.125073,23.0,auto,auto,21.2,70.0,460,3.0,61.2,clear,15.6,0.0,heating,0.763,5.529836566314952,800,38.6,21.2,71.99334985295658,167.86008657555976,3.05,Master Bedroom,25,6,sleep,6.062517430018575,False,True,False,-0.27,6.5,15.2,21.156721144561683,0.0763,0.1,off-peak,32,90,-60,-1.8,18.2,12
2025-11-22 05:46:07.125073,23.0,auto,auto,20.4,65.8,480,1.4,47.7,clear,20.8,0.0,heating,0.82,7.807929906247942,1200,42.9,20.4,70.24890390503799,176.56699398240198,3.13,Master Bedroom,25,8,sleep,8.126874204328896,False,True,False,-0.52,10.6,13.5,20.397356697917353,0.082,0.1,off-peak,35,96,-51,-2.6,19.0,19
2025-11-22 11:01:07.125073,21.0,auto,auto,23.3,60.8,1290,14.2,52.7,cloudy,12.6,784.4711242496937,cooling,0.641,6.75474816578955,1200,9.6,23.3,82.96346605499896,179.3595761009531,3.53,Master Bedroom,25,89,medium,89.21324855818133,False,True,False,0.4,8.3,15.4,23.25158272192985,0.0962,0.15,mid-peak,75,83,-49,2.3,9.1,12
2025-11-22 11:16:07.125073,21.0,auto,auto,22.8,70.0,980,12.4,57.6,cloudy,13.3,838.7952546991523,cooling,0.613,5.437983280775708,800,10.4,22.8,84.66769704224484,192.46020236074497,3.59,Master Bedroom,25,58,medium,58.314308062217016,False,True,False,0.26,6.4,16.8,22.812661093591903,0.0919,0.15,mid-peak,52,85,-62,1.8,10.4,3
2025-11-22 11:31:07.125073,21.0,auto,auto,23.2,63.4,1020,9.9,57.6,clear,5.3,787.1446851654938,cooling,0.637,6.587624695948872,1600,13.7,23.2,73.64493878851736,167.62080707415672,3.67,Master Bedroom,25,62,medium,62.14745036115153,False,True,False,0.38,8.0,15.9,23.195874898649624,0.0956,0.15,mid-peak,8,83,-68,2.2,13.3,0
2025-11-22 11:46:07.125073,21.0,auto,auto,24.3,66.5,1230,17.0,51.7,cloudy,3.8,840.7014662898429,cooling,0.704,9.815839411059141,1200,10.7,24.3,76.34190234065758,170.39115349411662,3.43,Master Bedroom,25,83,medium,82.99404843537148,False,True,False,0.72,16.0,17.6,24.271946470353047,0.1056,0.15,mid-peak,35,95,-53,3.3,7.3,0
2025-11-22 17:01:07.125073,19.0,auto,auto,18.9,66.4,1250,13.6,46.1,snow,2.4,267.52913306075715,off,0.0,0.0,0,18.907309906840855,18.907309906840855,49.40385407095763,116.76712958272738,0.0,Master Bedroom,25,85,medium,185.45564398284876,True,True,False,-0.98,25.5,12.2,18.907309906840855,0.0,0.25,peak,6,93,-59,-0.1,5.3,10
2025-11-22 17:16:07.125073,19.0,auto,auto,18.5,66.9,1210,11.1,46.1,cloudy,21.0,135.14262454337052,heating,0.666,1.6259658624043745,800,38.0,18.5,78.10408460638784,193.96105500033528,2.65,Master Bedroom,25,81,medium,80.98749401501718,False,True,False,-1.13,31.8,11.8,18.458011379198542,0.1665,0.25,peak,27,90,-42,-0.5,7.4,2
2025-11-22 17:31:07.125073,19.0,auto,auto,18.4,68.6,1130,8.8,42.6,partly_cloudy,9.1,300.2637348363618,heating,0.667,1.691844985401147,800,42.6,18.4,71.8405757582818,173.33545034853563,2.76,Master Bedroom,25,73,medium,172.83900084179425,True,True,False,-1.13,32.1,12.2,18.43605167153295,0.1668,0.25,peak,44,94,-67,-0.6,9.6,0
2025-11-22 17:46:07.125073,19.0,auto,auto,17.8,70.0,1000,10.5,62.7,partly_cloudy,22.0,110.97807656196674,heating,0.715,3.608409728714367,800,40.3,17.8,72.63205468903024,166.6057278231988,2.68,Master Bedroom,25,60,medium,59.7902745281893,False,True,False,-1.34,42.2,11.8,17.79719675709521,0.1788,0.25,peak,29,82,-58,-1.2,7.3,3
2025-11-22 11:01:07.125073,19.0,auto,auto,21.5,60.9,1170,18.0,38.9,rain,5.3,768.1069470508802,cooling,0.658,7.591736534033725,1600,9.5,21.5,86.65265374023966,181.81179780439493,3.4,Master Bedroom,25,77,medium,76.94272777387673,False,True,False,-0.15,5.5,13.7,21.53057884467791,0.0987,0.15,mid-peak,36,85,-69,2.5,3.5,10
2025-11-22 11:16:07.125073,19.0,auto,auto,21.7,66.9,1220,18.1,52.9,partly_cloudy,20.0,749.2504413825521,cooling,0.671,8.2147032966948,800,11.6,21.7,84.20773714661978,174.5065821411964,3.4,Master Bedroom,25,82,medium,81.93222736383761,False,True,False,-0.08,5.1,15.1,21.7382344322316,0.1006,0.15,mid-peak,88,84,-40,2.7,3.6,17
2025-11-22 11:31:07.125073,19.0,auto,auto,21.3,55.5,940,13.9,40.1,cloudy,2.4,806.8772023592026,cooling,0.646,7.023770858812913,1200,9.2,21.3,79.99834676329385,167.80090943076672,3.54,Master Bedroom,25,54,medium,154.44458323287012,True,True,False,-0.21,5.9,12.4,21.341256952937638,0.0969,0.15,mid-peak,85,88,-69,2.3,7.4,3
2025-11-22 11:46:07.125073,19.0,auto,auto,21.7,66.2,1160,17.4,56.9,snow,12.3,688.462995347747,cooling,0.666,7.988013043241782,1600,9.2,21.7,73.46436283102435,180.35472185976886,3.42,Master Bedroom,25,76,medium,76.2987838140084,False,True,False,-0.11,5.2,14.9,21.662671014413927,0.0999,0.15,mid-peak,86,100,-65,2.7,4.3,11
2025-11-22 17:01:07.125073,21.0,auto,auto,20.5,70.0,1090,11.0,69.3,partly_cloudy,7.5,179.86651091369455,heating,0.665,1.6094928695773376,800,43.0,20.5,83.65651220260608,177.50963711301196,2.65,Master Bedroom,25,69,medium,68.52477901132595,False,True,False,-0.49,10.0,14.5,20.463502376807554,0.1662,0.25,peak,31,92,-50,-0.5,9.5,1
2025-11-22 17:16:07.125073,21.0,auto,auto,19.5,63.3,1120,5.3,46.1,cloudy,7.7,227.3926564081457,heating,0.735,4.395078571911803,800,41.7,19.5,77.05837327549874,188.59019495030725,2.94,Master Bedroom,25,72,medium,71.95222423171445,False,True,False,-0.78,18.0,12.2,19.534973809362732,0.1838,0.25,peak,80,95,-68,-1.5,14.2,5
2025-11-22 17:31:07.125073,21.0,auto,auto,20.3,68.9,980,13.8,46.8,clear,27.3,290.0195770449043,heating,0.675,1.9973636520964568,1200,36.5,20.3,72.27584879541647,190.43645445249172,2.51,Master Bedroom,25,58,medium,58.00382119409898,False,True,False,-0.53,10.9,14.1,20.334212115967848,0.1688,0.25,peak,56,96,-47,-0.7,6.5,12
2025-11-22 17:46:07.125073,21.0,auto,auto,20.8,70.0,1150,8.3,63.9,rain,26.2,251.27781208452768,off,0.0,0.0,0,20.766814530611228,20.766814530611228,47.46737555938863,123.02733352298736,0.0,Master Bedroom,25,75,medium,75.2525066847019,False,True,False,-0.39,8.2,14.8,20.766814530611228,0.0,0.25,peak,1,90,-48,-0.2,12.5,2
2025-11-22 23:01:07.125073,22.5,auto,auto,20.6,54.3,470,-1.2,37.2,rain,30.0,0.0,heating,0.769,5.779755020143629,800,44.6,20.6,84.08402170799386,188.17623397317575,3.26,Master Bedroom,25,7,sleep,6.666292435865888,False,True,False,-0.46,9.4,11.4,20.573414993285457,0.0769,0.1,off-peak,4,93,-51,-1.9,21.8,19
2025-11-22 23:16:07.125073,22.5,auto,auto,21.7,70.0,490,0.6,62.1,snow,12.6,0.0,heating,0.682,2.283955234530822,1200,37.9,21.7,74.37625381796872,179.79726857984718,3.17,Master Bedroom,25,9,sleep,8.50199501335442,False,True,False,-0.08,5.1,15.7,21.738681588489726,0.0682,0.1,off-peak,32,94,-68,-0.8,21.1,5
2025-11-22 23:31:07.125073,22.5,auto,auto,20.8,69.9,420,-1.4,55.6,snow,3.5,0.0,heating,0.751,5.054108874694236,1200,45.0,20.8,88.35801809803866,167.62755586847445,3.27,Master Bedroom,25,2,sleep,1.580683786156998,False,True,False,-0.38,8.0,14.8,20.815297041768588,0.0751,0.1,off-peak,17,99,-48,-1.7,22.2,19
2025-11-22 23:46:07.125073,22.5,auto,auto,19.6,70.0,580,-2.2,67.7,partly_cloudy,17.8,0.0,heating,0.842,8.697416978104965,1200,40.8,19.6,83.47251105944883,182.90474290693862,3.31,Master Bedroom,25,18,sleep,17.967408732486266,False,True,False,-0.77,17.6,13.6,19.600861007298345,0.0842,0.1,off-peak,68,91,-50,-2.9,21.8,9
2025-11-23 05:01:07.125073,23.0,auto,auto,20.7,67.8,500,5.3,46.0,snow,2.9,0.0,heating,0.795,6.80169348416851,1600,37.1,20.7,77.64477936121185,184.2283160335716,2.94,Master Bedroom,25,10,sleep,9.639648842611006,False,True,False,-0.41,8.5,14.3,20.732768838610497,0.0795,0.1,off-peak,16,97,-45,-2.3,15.4,9
2025-11-23 05:16:07.125073,23.0,auto,auto,21.6,66.5,550,1.7,54.6,partly_cloudy,10.3,0.0,heating,0.728,4.105801664746956,1600,46.5,21.6,78.16107395129686,190.37920968285934,3.12,Master Bedroom,25,15,sleep,15.105419717243333,False,True,False,-0.12,5.3,14.9,21.631399445084348,0.0728,0.1,off-peak,75,99,-41,-1.4,19.9,8
2025-11-23 05:31:07.125073,23.0,auto,auto,15.4,70.0,470,-1.0,68.2,cloudy,25.2,0.0,heating,1.199,15.0,800,34.1,15.4,75.3474901636604,173.23453601277086,3.25,Master Bedroom,25,7,sleep,7.447388129853774,False,True,False,-2.14,82.8,9.4,15.352349438435784,0.1199,0.1,off-peak,62,85,-48,-7.6,16.4,0
2025-11-23 05:46:07.125073,23.0,auto,auto,22.3,64.0,550,9.1,51.9,partly_cloudy,7.8,0.0,heating,0.676,2.0473403384374507,1600,46.7,22.3,86.37268145525786,165.5704621158593,2.74,Master Bedroom,25,15,sleep,15.476333381322513,False,True,False,0.1,5.2,15.1,22.31755322052085,0.0676,0.1,off-peak,86,82,-42,-0.7,13.2,8
2025-11-23 11:01:07.125073,22.0,auto,auto,23.9,54.8,1160,14.9,46.8,rain,10.2,833.8294856088379,cooling,0.619,5.724320796027069,1200,9.1,23.9,79.44283666415484,172.6017284870323,3.5,Master Bedroom,25,76,medium,176.07971729733958,True,True,False,0.61,12.7,14.9,23.908106932009023,0.0928,0.15,mid-peak,2,90,-63,1.9,9.0,18
2025-11-23 11:16:07.125073,22.0,auto,auto,24.8,65.4,1080,18.7,55.5,cloudy,22.1,837.7422251428495,cooling,0.674,8.339597372948134,1200,13.5,24.8,72.10775336697364,167.06636966207472,3.38,Master Bedroom,25,68,medium,68.43860887372432,False,True,False,0.88,21.5,17.9,24.77986579098271,0.1011,0.15,mid-peak,56,96,-46,2.8,6.1,13
2025-11-23 11:31:07.125073,22.0,auto,auto,24.3,50.8,1270,13.3,37.7,clear,23.5,744.7693037868569,cooling,0.644,6.930952693463965,1600,13.4,24.3,88.71238337260908,179.5448969985218,3.56,Master Bedroom,25,87,medium,186.89783854986302,True,True,False,0.74,16.4,14.5,24.31031756448799,0.0966,0.15,mid-peak,19,81,-64,2.3,11.0,11
2025-11-23 11:46:07.125073,22.0,auto,auto,24.2,53.7,1020,14.9,44.5,snow,11.3,684.766725679115,cooling,0.638,6.621563714273055,1600,14.5,24.2,75.81840498525862,189.19680163332976,3.5,Master Bedroom,25,62,medium,161.66553872647088,True,True,False,0.7,15.4,14.9,24.207187904757685,0.0957,0.15,mid-peak,47,81,-57,2.2,9.3,10
2025-11-23 17:01:07.125073,20.0,auto,auto,19.2,70.0,1060,5.5,54.8,snow,21.0,287.8296116701531,heating,0.685,2.382797708857307,1600,43.9,19.2,71.15890944157366,179.50971704602404,2.92,Master Bedroom,25,66,medium,65.71262336789016,False,True,False,-0.89,21.7,13.2,19.205734097047564,0.1713,0.25,peak,35,80,-56,-0.8,13.7,16
2025-11-23 17:16:07.125073,20.0,auto,auto,18.8,70.0,1190,9.4,57.4,rain,9.2,133.77835219198937,heating,0.716,3.625828210263279,800,36.9,18.8,89.80923227407276,183.69491926302157,2.73,Master Bedroom,25,79,medium,178.86264566496243,True,True,False,-1.02,27.0,12.8,18.791390596578907,0.179,0.25,peak,7,89,-45,-1.2,9.4,3
2025-11-23 17:31:07.125073,20.0,auto,auto,18.5,70.0,1090,8.3,63.6,partly_cloudy,13.4,183.83191843282492,heating,0.741,4.621181210071821,1600,37.2,18.5,73.2013618337639,190.52557744878808,2.78,Master Bedroom,25,69,medium,168.55369708798577,True,True,False,-1.13,31.7,12.5,18.459606263309393,0.1852,0.25,peak,36,98,-49,-1.5,10.2,19
2025-11-23 17:46:07.125073,20.0,auto,auto,19.1,70.0,1050,5.7,45.5,cloudy,17.9,129.519755712052,heating,0.694,2.7730250915131975,1600,41.8,19.1,70.33763688224731,172.66157013821103,2.92,Master Bedroom,25,65,medium,64.70432280029948,False,True,False,-0.93,23.3,13.1,19.075658302828934,0.1735,0.25,peak,47,83,-53,-0.9,13.4,16
2025-11-23 11:01:07.125073,19.0,auto,auto,21.4,70.0,1220,9.3,56.4,clear,15.3,867.2011717987551,cooling,0.653,7.348218163602933,1600,8.7,21.4,77.09315526801777,184.77281220895597,3.69,Master Bedroom,25,82,medium,182.31221596252163,True,True,False,-0.18,5.6,15.4,21.44940605453431,0.098,0.15,mid-peak,60,87,-50,2.4,12.1,17
2025-11-23 11:16:07.125073,19.0,auto,auto,21.1,69.5,1250,17.9,48.2,snow,23.1,806.7914167456199,cooling,0.633,6.366420050154019,800,8.4,21.1,78.66476586843694,170.43675802821886,3.4,Master Bedroom,25,85,medium,85.25047478921972,False,True,False,-0.28,6.6,15.0,21.122140016718006,0.0949,0.15,mid-peak,16,94,-55,2.1,3.2,17
2025-11-23 11:31:07.125073,19.0,auto,auto,20.5,56.5,1030,14.4,35.7,rain,13.6,704.3900411652176,cooling,0.594,4.5126081780937675,800,12.2,20.5,81.6924408964637,167.2917660740352,3.52,Master Bedroom,25,63,medium,63.13973074558541,False,True,False,-0.48,9.7,11.8,20.504202726031256,0.0891,0.15,mid-peak,70,84,-40,1.5,6.1,8
2025-11-23 11:46:07.125073,19.0,auto,auto,22.4,59.9,1090,10.8,47.2,snow,19.6,731.3780248695812,cooling,0.711,10.129476080163275,1200,10.4,22.4,72.65187001148718,171.69151863176896,3.64,Master Bedroom,25,69,medium,68.87117134670464,False,True,False,0.12,5.3,14.4,22.376492026721092,0.1066,0.15,mid-peak,35,86,-42,3.4,11.6,10
2025-11-23 17:01:07.125073,21.0,auto,auto,19.4,66.6,1210,7.3,51.2,snow,21.0,158.6422940063199,heating,0.741,4.6550258562313935,1200,40.5,19.4,83.72431193474475,192.67813505640666,2.84,Master Bedroom,25,81,medium,80.86224409308704,False,True,False,-0.81,18.9,12.8,19.448324714589535,0.1852,0.25,peak,78,91,-66,-1.6,12.1,18
2025-11-23 17:16:07.125073,21.0,auto,auto,19.4,60.4,1240,2.5,41.7,rain,0.9,202.2656411878229,heating,0.744,4.754502778234002,1600,38.5,19.4,73.97754243071235,166.46278074538196,3.08,Master Bedroom,25,84,medium,83.57081592944375,False,True,False,-0.82,19.3,11.5,19.415165740588666,0.186,0.25,peak,42,85,-64,-1.6,16.9,12
2025-11-23 17:31:07.125073,21.0,auto,auto,20.2,70.0,1200,8.9,64.0,clear,0.9,300.75131622521474,heating,0.684,2.3662911414838206,800,36.5,20.2,77.67578765753696,184.49662708429835,2.76,Master Bedroom,25,80,medium,79.7161617895827,False,True,False,-0.57,11.8,14.2,20.21123628617206,0.171,0.25,peak,81,95,-51,-0.8,11.3,4
2025-11-23 17:46:07.125073,21.0,auto,auto,19.3,70.0,1110,4.7,55.5,clear,11.5,173.09458070145462,heating,0.751,5.0578054931498,800,40.4,19.3,89.40458314644513,168.0963466366914,2.97,Master Bedroom,25,71,medium,171.00672656371003,True,True,False,-0.85,20.4,13.3,19.314064835616733,0.1878,0.25,peak,83,95,-58,-1.7,14.6,5
2025-11-23 23:01:07.125073,22.5,auto,auto,20.3,68.5,420,-3.4,51.7,snow,26.1,0.0,heating,0.787,6.493800584241114,1200,44.9,20.3,84.66476294305764,169.9880453970253,3.37,Master Bedroom,25,2,sleep,2.2747826515140335,False,True,False,-0.54,11.0,14.0,20.335399805252962,0.0787,0.1,off-peak,24,81,-60,-2.2,23.7,18
2025-11-23 23:16:07.125073,22.5,auto,auto,20.3,70.0,500,-1.2,56.5,cloudy,5.5,0.0,heating,0.789,6.541866998453916,800,41.9,20.3,81.46865809386564,182.18817576108304,3.26,Master Bedroom,25,10,sleep,9.961632216890026,False,True,False,-0.54,11.1,14.3,20.319377667182028,0.0789,0.1,off-peak,22,84,-43,-2.2,21.5,10
2025-11-23 23:31:07.125073,22.5,auto,auto,20.3,65.3,590,-0.3,48.9,rain,6.8,0.0,heating,0.787,6.47953955941934,1600,42.4,20.3,88.70820453576317,185.4336796017271,3.22,Master Bedroom,25,19,sleep,19.061398222718065,False,True,False,-0.54,11.0,13.4,20.340153480193553,0.0787,0.1,off-peak,50,100,-48,-2.2,20.6,14
2025-11-23 23:46:07.125073,22.5,auto,auto,20.7,70.0,550,4.3,72.5,rain,4.7,0.0,heating,0.757,5.279249645365738,1600,36.5,20.7,82.16674395537727,186.40781837532617,2.99,Master Bedroom,25,15,sleep,15.394799307951192,False,True,False,-0.41,8.4,14.7,20.74025011821142,0.0757,0.1,off-peak,39,85,-53,-1.8,16.4,15
2025-11-24 05:01:07.125073,23.0,auto,auto,21.4,70.0,420,5.5,53.8,snow,19.2,0.0,heating,0.744,4.754019235113216,800,43.3,21.4,88.902128069122,182.401969090501,2.92,Master Bedroom,25,2,sleep,1.6297560292619473,False,True,False,-0.19,5.7,15.4,21.415326921628928,0.0744,0.1,off-peak,15,94,-69,-1.6,15.9,5
2025-11-24 05:16:07.125073,23.0,auto,auto,20.2,70.0,420,-1.0,67.2,clear,13.8,0.0,heating,0.832,8.271327845150115,1600,43.9,20.2,83.84720454004832,193.24906681770952,3.25,Master Bedroom,25,2,sleep,1.5050514798101802,False,True,False,-0.57,11.7,14.2,20.242890718283295,0.0832,0.1,off-peak,0,89,-63,-2.8,21.2,7
2025-11-24 05:31:07.125073,23.0,auto,auto,21.2,70.0,420,4.5,61.8,snow,21.5,0.0,heating,0.757,5.271836761611578,1600,44.8,21.2,70.51145355591284,170.4029873644698,2.98,Master Bedroom,25,2,sleep,2.1430420528583727,False,True,False,-0.24,6.2,15.2,21.242721079462807,0.0757,0.1,off-peak,1,89,-64,-1.8,16.7,20
2025-11-24 05:46:07.125073,23.0,auto,auto,20.8,70.0,490,6.8,59.5,cloudy,23.2,0.0,heating,0.787,6.477598297529511,1600,41.3,20.8,80.37339746768376,179.3242213803133,2.86,Master Bedroom,25,9,sleep,8.948485953846532,False,True,False,-0.37,7.9,14.8,20.840800567490163,0.0787,0.1,off-peak,23,100,-61,-2.2,14.0,11
2025-11-24 11:01:07.125073,22.0,auto,auto,24.9,70.0,660,13.8,70.9,clear,7.5,771.4414235479016,cooling,0.678,8.550508451614458,800,13.1,24.9,73.68922782057307,172.82199280356627,3.54,Master Bedroom,25,26,low,25.62315875736999,False,False,False,0.91,22.6,18.9,24.850169483871486,0.1017,0.15,mid-peak,86,90,-51,2.9,11.1,12
2025-11-24 11:16:07.125073,22.0,auto,auto,23.6,70.0,660,8.7,59.3,rain,14.6,845.7761623219792,cooling,0.599,4.742562242400069,1200,8.9,23.6,76.91271327722191,179.2233310378145,3.71,Master Bedroom,25,26,low,26.163762771925402,False,False,False,0.51,10.4,17.6,23.580854080800023,0.0898,0.15,mid-peak,52,97,-63,1.6,14.9,11
2025-11-24 11:31:07.125073,22.0,auto,auto,24.0,57.7,620,11.9,50.2,snow,3.2,736.6761237294354,cooling,0.625,5.9761250008871265,1600,14.6,24.0,78.14273490783798,191.71941297591493,3.6,Master Bedroom,25,22,low,21.97784734633365,False,False,False,0.64,13.5,15.5,23.992041666962376,0.0938,0.15,mid-peak,34,94,-57,2.0,12.1,18
2025-11-24 11:46:07.125073,22.0,auto,auto,24.3,69.9,670,14.1,60.1,rain,28.6,818.440861639178,cooling,0.646,7.023201109288735,1600,13.1,24.3,80.38828416500986,170.20913799155366,3.53,Master Bedroom,25,27,low,27.175491872026686,False,False,False,0.75,16.8,18.3,24.34106703642958,0.0969,0.15,mid-peak,3,80,-66,2.3,10.2,14
2025-11-24 17:01:07.125073,20.0,auto,auto,19.3,68.1,1290,9.2,49.3,partly_cloudy,1.8,289.51368586717183,heating,0.68,2.2139921654586736,1600,40.4,19.3,80.82848117450688,179.13110668356467,2.74,Master Bedroom,25,89,medium,89.4737859736275,False,True,False,-0.87,21.0,12.9,19.262002611513775,0.17,0.25,peak,43,92,-53,-0.7,10.1,5
2025-11-24 17:16:07.125073,20.0,auto,auto,18.2,67.4,1340,6.8,43.5,partly_cloudy,9.8,218.01652673843336,heating,0.759,5.341557024224116,1200,37.1,18.2,86.33698065084297,188.30796057744865,2.86,Master Bedroom,25,94,medium,94.09542590924022,False,True,False,-1.2,35.4,11.7,18.219480991925295,0.1898,0.25,peak,67,80,-53,-1.8,11.4,3
2025-11-24 17:31:07.125073,20.0,auto,auto,19.1,70.0,1400,8.6,80.9,rain,28.7,159.64346077987048,heating,0.696,2.823165363252496,1600,39.3,19.1,84.41990704173779,176.86129488084802,2.77,Master Bedroom,25,100,medium,99.71371148684392,False,True,False,-0.94,23.5,13.1,19.058944878915835,0.174,0.25,peak,2,83,-49,-0.9,10.5,1
2025-11-24 17:46:07.125073,20.0,auto,auto,18.1,70.0,1230,3.3,58.8,cloudy,18.4,271.10676701518605,heating,0.771,5.847498975261349,800,36.9,18.1,76.75063317281418,181.6926633152025,3.04,Master Bedroom,25,83,medium,83.21975538269685,False,True,False,-1.26,38.1,12.1,18.050833674912884,0.1928,0.25,peak,71,88,-54,-1.9,14.8,16
2025-11-24 11:01:07.125073,18.0,auto,auto,21.1,63.5,550,12.5,41.3,partly_cloudy,18.3,818.97846127049,cooling,0.695,9.341616443156394,1200,11.3,21.1,79.37492669359266,175.2094638269875,3.58,Master Bedroom,25,15,low,14.944464793982357,False,False,False,-0.28,6.7,13.8,21.113872147718798,0.1042,0.15,mid-peak,50,94,-66,3.1,8.6,13
2025-11-24 11:16:07.125073,18.0,auto,auto,21.3,59.2,530,14.2,39.1,clear,15.7,859.8603050208151,cooling,0.705,9.82255541195206,1600,12.7,21.3,83.35968399192109,185.94679341822257,3.53,Master Bedroom,25,13,low,12.614314564930126,False,False,False,-0.23,6.1,13.1,21.274185137317353,0.1058,0.15,mid-peak,6,100,-59,3.3,7.1,16
2025-11-24 11:31:07.125073,18.0,auto,auto,21.0,70.0,580,16.0,70.4,clear,21.8,801.8120303287527,cooling,0.688,9.031982004174026,1600,7.2,21.0,82.48554740160981,193.9389636514327,3.47,Master Bedroom,25,18,low,17.974057481574732,False,False,False,-0.32,7.1,15.0,21.01066066805801,0.1032,0.15,mid-peak,17,90,-65,3.0,5.0,0
2025-11-24 11:46:07.125073,18.0,auto,auto,20.8,60.6,620,16.2,38.4,partly_cloudy,23.4,764.3419135770511,cooling,0.673,8.301852512532406,800,6.0,20.8,83.78965204404824,177.12131093876707,3.46,Master Bedroom,25,22,low,21.621071789362862,False,False,False,-0.39,8.2,12.9,20.767284170844135,0.101,0.15,mid-peak,6,100,-51,2.8,4.6,5
2025-11-24 17:01:07.125073,20.0,auto,auto,18.7,70.0,1330,8.2,64.9,partly_cloudy,10.1,120.7454289408794,heating,0.72,3.8074957963916596,800,37.9,18.7,85.35473084220781,178.56374958550913,2.79,Master Bedroom,25,93,medium,93.1585923172517,False,True,False,-1.04,27.8,12.7,18.730834734536113,0.18,0.25,peak,2,83,-68,-1.3,10.5,14
2025-11-24 17:16:07.125073,20.0,auto,auto,18.8,70.0,1390,8.2,55.7,cloudy,18.5,188.23592592729378,heating,0.715,3.602725123714972,1200,43.1,18.8,83.89795973117715,178.84630740475728,2.79,Master Bedroom,25,99,medium,98.58560813766886,False,True,False,-1.02,26.9,12.8,18.799091625428343,0.1788,0.25,peak,67,83,-54,-1.2,10.6,16
2025-11-24 17:31:07.125073,20.0,auto,auto,18.8,67.5,1210,9.2,40.0,clear,4.3,113.82703809841793,heating,0.715,3.586080675421897,1600,34.3,18.8,88.28364714432261,168.71836918449182,2.74,Master Bedroom,25,81,medium,81.43379570131309,False,True,False,-1.02,26.8,12.3,18.804639774859368,0.1788,0.25,peak,39,87,-46,-1.2,9.6,10
2025-11-24 17:46:07.125073,20.0,auto,auto,18.9,70.0,1360,5.9,59.1,rain,8.9,166.0054960448429,heating,0.706,3.2462769132964127,1200,37.2,18.9,81.32736998266174,186.22352000823173,2.9,Master Bedroom,25,96,medium,96.08466932783824,False,True,False,-0.98,25.3,12.9,18.917907695567862,0.1765,0.25,peak,45,82,-52,-1.1,13.0,15
2025-11-24 23:01:07.125073,22.0,auto,auto,19.3,70.0,440,-1.3,62.3,cloudy,4.3,0.0,heating,0.824,7.96516458353911,1600,42.6,19.3,88.28904897782184,190.73079413628759,3.26,Master Bedroom,25,4,sleep,4.146013632684453,False,True,False,-0.86,20.5,13.3,19.344945138820297,0.0824,0.1,off-peak,19,81,-47,-2.7,20.6,3
2025-11-24 23:16:07.125073,22.0,auto,auto,19.6,70.0,460,-1.4,57.9,cloudy,7.9,0.0,heating,0.804,7.1728470528993675,1200,37.4,19.6,79.63094482612901,193.20772758474448,3.27,Master Bedroom,25,6,sleep,6.0216374661387695,False,True,False,-0.77,17.5,13.6,19.609050982366877,0.0804,0.1,off-peak,85,92,-51,-2.4,21.0,6
2025-11-24 23:31:07.125073,22.0,auto,auto,19.7,70.0,440,0.3,65.6,partly_cloudy,3.3,0.0,heating,0.801,7.0324980955216425,1600,40.9,19.7,84.71304393564951,178.07494912126913,3.18,Master Bedroom,25,4,sleep,4.174008246480907,False,True,False,-0.76,17.0,13.7,19.655833968159452,0.0801,0.1,off-peak,25,85,-49,-2.3,19.4,17
2025-11-24 23:46:07.125073,22.0,auto,auto,20.3,64.3,470,1.3,48.0,snow,12.8,0.0,heating,0.749,4.9787718220480315,1200,40.6,20.3,77.38611299673438,192.94393141588367,3.14,Master Bedroom,25,7,sleep,6.55665879349908,False,True,False,-0.54,11.0,13.2,20.340409392650656,0.0749,0.1,off-peak,56,99,-53,-1.7,19.0,15
2025-11-25 05:01:07.125073,23.0,auto,auto,29.0,56.4,410,0.6,52.8,cloudy,11.9,0.0,cooling,0.874,15.0,800,19.8,29.0,76.51100099373511,168.61068870350266,3.98,Master Bedroom,25,1,sleep,0.8163821738648025,False,True,False,2.25,86.8,20.3,31.5,0.0874,0.1,off-peak,35,87,-49,6.0,28.4,1
2025-11-25 05:16:07.125073,23.0,auto,auto,20.8,57.6,470,7.0,37.8,rain,21.0,0.0,heating,0.787,6.461980578535744,800,43.9,20.8,76.85314911247562,165.28476261406416,2.85,Master Bedroom,25,7,sleep,6.623225448926358,False,True,False,-0.37,7.9,12.4,20.84600647382142,0.0787,0.1,off-peak,6,95,-64,-2.2,13.8,13
2025-11-25 05:31:07.125073,23.0,auto,auto,20.8,70.0,450,3.5,53.7,rain,11.4,0.0,heating,0.792,6.687145771532261,1600,42.6,20.8,75.7991400654562,181.088102855538,3.03,Master Bedroom,25,5,sleep,4.729995676014562,False,True,False,-0.4,8.3,14.8,20.770951409489246,0.0792,0.1,off-peak,16,95,-45,-2.2,17.3,3
2025-11-25 05:46:07.125073,23.0,auto,auto,21.4,62.4,480,4.7,39.8,snow,2.5,0.0,heating,0.744,4.741297208705642,800,40.5,21.4,73.37842076642477,169.3232908432793,2.97,Master Bedroom,25,8,sleep,7.737065489492971,False,True,False,-0.19,5.7,13.9,21.41956759709812,0.0744,0.1,off-peak,27,82,-49,-1.6,16.7,6
2025-11-25 11:01:07.125073,21.0,auto,auto,22.6,49.6,600,12.2,28.7,clear,3.8,746.8464990962256,cooling,0.599,4.771249157887816,1600,10.2,22.6,71.50937069646827,178.84280766669806,3.59,Master Bedroom,25,20,low,19.78270076959449,False,False,False,0.19,5.7,12.5,22.590416385962605,0.0898,0.15,mid-peak,76,97,-47,1.6,10.4,20
2025-11-25 11:16:07.125073,21.0,auto,auto,22.0,68.8,510,9.3,54.4,cloudy,22.3,784.8678360189001,cooling,0.565,3.143416225148048,1600,11.7,22.0,83.43684113959686,192.81405060626156,3.69,Master Bedroom,25,11,low,11.10439117180711,False,False,False,0.02,5.0,15.8,22.047805408382683,0.0847,0.15,mid-peak,90,99,-45,1.0,12.7,4
2025-11-25 11:31:07.125073,21.0,auto,auto,24.0,67.2,530,20.0,62.0,partly_cloudy,16.1,738.0845077336619,cooling,0.688,9.017092709255248,1600,15.2,24.0,74.58996997677488,165.05578329822845,3.33,Master Bedroom,25,13,low,13.3247232160659,False,False,False,0.64,13.7,17.4,24.00569756975175,0.1032,0.15,mid-peak,83,96,-41,3.0,4.0,10
2025-11-25 11:46:07.125073,21.0,auto,auto,23.7,58.9,570,16.0,45.3,partly_cloudy,20.3,841.2082910084823,cooling,0.666,7.9715407435241445,1200,14.8,23.7,86.25545907110006,194.29509396352475,3.47,Master Bedroom,25,17,low,16.660261217329392,False,False,False,0.53,10.9,15.4,23.65718024784138,0.0999,0.15,mid-peak,26,88,-67,2.7,7.7,7
2025-11-25 17:01:07.125073,19.0,auto,auto,18.0,70.0,1390,9.3,54.1,snow,7.2,250.8166224521687,heating,0.702,3.095406258995915,1600,39.5,18.0,79.14288478302984,180.7082993084426,2.74,Master Bedroom,25,99,medium,198.85571655642013,True,True,False,-1.28,39.4,12.0,17.96819791366803,0.1755,0.25,peak,10,100,-60,-1.0,8.7,0
2025-11-25 17:16:07.125073,19.0,auto,auto,18.3,70.0,1370,9.1,51.6,partly_cloudy,26.3,260.04524653625936,heating,0.678,2.104655668576566,1600,34.0,18.3,88.49616668286,183.98265120552887,2.74,Master Bedroom,25,97,medium,96.9781800818744,False,True,False,-1.18,34.2,12.3,18.298448110474478,0.1695,0.25,peak,25,84,-51,-0.7,9.2,0
2025-11-25 17:31:07.125073,19.0,auto,auto,18.1,70.0,1230,5.9,53.7,partly_cloudy,21.4,270.34173909371685,heating,0.696,2.838831902134533,1200,33.4,18.1,79.12362827971222,177.32781722851502,2.9,Master Bedroom,25,83,medium,82.99357836199891,False,True,False,-1.26,38.0,12.1,18.05372269928849,0.174,0.25,peak,20,89,-48,-0.9,12.2,1
2025-11-25 17:46:07.125073,19.0,auto,auto,17.5,70.0,1250,5.5,58.2,cloudy,24.5,137.50582032730358,heating,0.739,4.544879763418393,1600,32.5,17.5,84.82851233641755,182.15311236062664,2.92,Master Bedroom,25,85,medium,85.17776643189565,False,True,False,-1.44,47.5,11.5,17.485040078860536,0.1848,0.25,peak,16,98,-66,-1.5,12.0,11
2025-11-25 11:01:07.125073,18.0,auto,auto,20.9,62.0,630,13.5,48.8,clear,5.5,821.291384527286,cooling,0.683,8.791460399694603,1200,11.4,20.9,84.63050395045693,185.45082051457408,3.55,Master Bedroom,25,23,low,22.70173121963144,False,False,False,-0.34,7.4,13.3,20.9304867998982,0.1024,0.15,mid-peak,68,98,-45,2.9,7.4,5
2025-11-25 11:16:07.125073,18.0,auto,auto,20.5,70.0,550,13.9,65.4,snow,7.6,858.4267843383294,cooling,0.655,7.453623968024242,800,9.5,20.5,77.69945655201381,171.00515141024405,3.54,Master Bedroom,25,15,low,14.97992057261593,False,False,False,-0.49,9.9,14.5,20.484541322674747,0.0982,0.15,mid-peak,37,80,-40,2.5,6.6,9
2025-11-25 11:31:07.125073,18.0,auto,auto,20.2,70.0,650,10.7,59.0,clear,11.7,835.8466909304572,cooling,0.637,6.570298481047669,1600,6.8,20.2,74.52944876476343,180.41815561141203,3.64,Master Bedroom,25,25,low,24.865116834636982,False,False,False,-0.58,12.0,14.2,20.190099493682556,0.0956,0.15,mid-peak,29,81,-40,2.2,9.5,6
2025-11-25 11:46:07.125073,18.0,auto,auto,20.0,51.8,690,11.1,26.9,snow,12.5,686.8143696546589,cooling,0.628,6.1405738871571565,1600,8.1,20.0,79.74602935000586,170.4693153155035,3.63,Master Bedroom,25,29,low,28.987532606271238,False,False,False,-0.63,13.2,10.4,20.04685796238572,0.0942,0.15,mid-peak,51,99,-69,2.0,8.9,14
2025-11-25 17:01:07.125073,20.0,auto,auto,17.5,70.0,1330,7.1,59.6,snow,13.3,189.83195722837831,heating,0.816,7.641139695969333,1600,41.8,17.5,75.15533425414202,187.25709033279713,2.84,Master Bedroom,25,93,medium,93.12750449063378,False,True,False,-1.45,48.0,11.5,17.45295343467689,0.204,0.25,peak,63,83,-41,-2.5,10.4,11
2025-11-25 17:16:07.125073,20.0,auto,auto,18.5,70.0,1210,5.6,61.1,snow,9.9,225.37728543465184,heating,0.736,4.423069718838011,1600,39.0,18.5,79.82113859216105,194.6374613592307,2.92,Master Bedroom,25,81,medium,81.36414640167592,False,True,True,-1.11,30.8,12.5,18.525643427053996,0.184,0.25,peak,84,93,-69,-1.5,12.9,5
2025-11-25 17:31:07.125073,20.0,auto,auto,18.2,70.0,1320,6.8,57.3,partly_cloudy,18.3,157.47653308300977,heating,0.758,5.332788148447332,800,37.4,18.2,80.90444759461755,185.40412678803585,2.86,Master Bedroom,25,92,medium,192.10029762032173,True,True,False,-1.2,35.3,12.2,18.222403950517556,0.1895,0.25,peak,61,99,-66,-1.8,11.4,10
2025-11-25 17:46:07.125073,20.0,auto,auto,18.4,70.0,1380,4.9,61.8,partly_cloudy,25.9,223.68357112310082,heating,0.747,4.876100969413493,1200,38.2,18.4,71.36567960233359,193.57943426012977,2.96,Master Bedroom,25,98,medium,98.11301522355916,False,True,False,-1.15,33.0,12.4,18.374633010195502,0.1868,0.25,peak,55,92,-67,-1.6,13.5,19
2025-11-25 23:01:07.125073,22.0,auto,auto,28.0,68.3,420,-3.1,66.6,partly_cloudy,17.3,0.0,cooling,0.878,15.0,800,18.4,28.0,81.04505214033661,181.14247127755687,4.1,Master Bedroom,25,2,sleep,1.9725044012657102,False,True,False,1.95,74.5,21.7,30.8,0.0878,0.1,off-peak,32,92,-61,6.0,31.1,2
2025-11-25 23:16:07.125073,22.0,auto,auto,19.5,70.0,480,1.1,61.3,rain,12.6,0.0,heating,0.812,7.496385868981722,1200,44.3,19.5,73.7388187285184,185.80056020793432,3.14,Master Bedroom,25,8,sleep,7.720620441065189,False,True,False,-0.81,18.7,13.5,19.501204710339426,0.0812,0.1,off-peak,50,84,-54,-2.5,18.4,2
2025-11-25 23:31:07.125073,22.0,auto,auto,20.4,70.0,470,-0.4,67.0,rain,22.2,0.0,heating,0.747,4.883516717358713,800,41.5,20.4,87.41544174896443,168.39860566742692,3.22,Master Bedroom,25,7,sleep,6.931100642002612,False,True,False,-0.52,10.8,14.4,20.372161094213762,0.0747,0.1,off-peak,67,88,-64,-1.6,20.8,16
2025-11-25 23:46:07.125073,22.0,auto,auto,20.2,70.0,490,1.6,51.3,rain,13.2,0.0,heating,0.761,5.437052041149975,1600,42.8,20.2,81.78472627350374,176.70793310206238,3.12,Master Bedroom,25,9,sleep,8.877777830632386,False,True,False,-0.58,12.2,14.2,20.187649319616675,0.0761,0.1,off-peak,1,93,-49,-1.8,18.6,6
2025-11-26 05:01:07.125073,23.0,auto,auto,22.3,70.0,450,10.9,71.7,snow,21.8,0.0,heating,0.681,2.226658803070041,1600,40.7,22.3,88.81407366246565,188.08879810101126,2.66,Master Bedroom,25,5,sleep,5.217652831017556,False,True,False,0.08,5.1,16.3,22.257780398976653,0.0681,0.1,off-peak,3,81,-59,-0.7,11.4,20
2025-11-26 05:16:07.125073,23.0,auto,auto,20.3,70.0,430,2.6,62.7,partly_cloudy,5.3,0.0,heating,0.827,8.088249206810467,800,38.1,20.3,77.31505780412087,167.5676168263933,3.07,Master Bedroom,25,3,sleep,2.734915600101552,False,True,False,-0.55,11.3,14.3,20.303916931063178,0.0827,0.1,off-peak,18,97,-52,-2.7,17.7,1
2025-11-26 05:31:07.125073,23.0,auto,auto,20.7,68.5,500,3.1,54.3,partly_cloudy,0.2,0.0,heating,0.797,6.877023793908897,1200,41.5,20.7,81.54840710189202,190.86533434658602,3.05,Master Bedroom,25,10,sleep,9.923067727489304,False,True,False,-0.42,8.6,14.4,20.7076587353637,0.0797,0.1,off-peak,64,91,-42,-2.3,17.6,3
2025-11-26 05:46:07.125073,23.0,auto,auto,21.2,70.0,440,7.0,66.9,cloudy,20.9,0.0,heating,0.762,5.486574826246166,1200,36.4,21.2,70.74578078597439,185.1237999618054,2.85,Master Bedroom,25,4,sleep,4.247729093706852,False,True,False,-0.27,6.5,15.2,21.17114172458461,0.0762,0.1,off-peak,14,84,-59,-1.8,14.2,6
2025-11-26 11:01:07.125073,21.0,auto,auto,23.0,70.0,520,19.4,56.7,partly_cloudy,5.9,845.632965298454,cooling,0.625,6.005761891787351,1600,13.5,23.0,78.22206933374709,179.3038714225657,3.35,Master Bedroom,25,12,low,11.753147760541381,False,False,False,0.32,7.1,17.0,23.001920630595784,0.0938,0.15,mid-peak,35,96,-48,2.0,3.6,20
2025-11-26 11:16:07.125073,21.0,auto,auto,24.0,59.3,590,18.1,42.1,rain,8.4,679.6893640438207,cooling,0.686,8.906553314984958,1200,12.8,24.0,81.77663512501195,188.97897751099893,3.4,Master Bedroom,25,19,low,19.148851309555738,False,False,False,0.63,13.3,15.8,23.968851104994986,0.1029,0.15,mid-peak,15,84,-59,3.0,5.9,12
2025-11-26 11:31:07.125073,21.0,auto,auto,23.7,52.7,580,12.6,36.1,partly_cloudy,14.3,725.2142302474982,cooling,0.672,8.237857706630813,800,15.0,23.7,73.5429008393621,166.06655446216092,3.58,Master Bedroom,25,18,low,17.731139641986015,False,False,False,0.56,11.5,14.3,23.745952568876938,0.1008,0.15,mid-peak,74,89,-54,2.7,11.1,8
2025-11-26 11:46:07.125073,21.0,auto,auto,23.7,61.9,550,19.3,55.0,cloudy,22.7,673.4014956286602,cooling,0.667,8.030578822933379,1200,10.9,23.7,83.51720049039638,194.66779045884996,3.36,Master Bedroom,25,15,low,14.776516770985385,False,False,False,0.54,11.0,16.1,23.67685960764446,0.1,0.15,mid-peak,37,87,-43,2.7,4.4,11
2025-11-26 17:01:07.125073,19.0,auto,auto,18.2,70.0,1370,8.0,52.1,partly_cloudy,0.9,157.04981246386376,heating,0.685,2.4116763677962822,1200,36.0,18.2,81.28963906968642,191.6319406506184,2.8,Master Bedroom,25,97,medium,96.76732175189787,False,True,False,-1.21,35.8,12.2,18.19610787740124,0.1713,0.25,peak,56,84,-59,-0.8,10.2,5
2025-11-26 17:16:07.125073,19.0,auto,auto,18.2,70.0,1290,9.7,66.9,cloudy,28.5,122.78156477421383,heating,0.682,2.288635627662039,1600,42.4,18.2,81.0915688588823,171.70839084522228,2.72,Master Bedroom,25,89,medium,188.5732037267847,True,True,False,-1.2,35.1,12.2,18.237121457445987,0.1705,0.25,peak,48,99,-66,-0.8,8.5,16
2025-11-26 17:31:07.125073,19.0,auto,auto,18.0,70.0,1360,7.1,53.4,cloudy,10.1,155.1170952627708,heating,0.699,2.969883814062367,800,40.8,18.0,71.8727714302792,168.34163589221828,2.84,Master Bedroom,25,96,medium,195.74548652795912,True,True,False,-1.27,38.7,12.0,18.010038728645878,0.1748,0.25,peak,74,82,-50,-1.0,10.9,20
2025-11-26 17:46:07.125073,19.0,auto,auto,17.3,70.0,1330,7.8,45.2,cloudy,6.0,195.87407513583895,heating,0.751,5.020821672239343,1200,39.4,17.3,88.45892511882646,168.3028137295073,2.81,Master Bedroom,25,93,medium,92.91003472076021,False,True,False,-1.49,50.2,11.3,17.32639277592022,0.1878,0.25,peak,75,88,-50,-1.7,9.5,15
2025-11-26 11:01:07.125073,18.0,auto,auto,21.4,64.1,620,16.0,49.6,rain,18.6,706.1564288636384,cooling,0.711,10.149114741969129,1200,12.6,21.4,85.90368394593231,178.64341268943417,3.47,Master Bedroom,25,22,low,22.496589341155925,False,False,False,-0.2,5.8,14.2,21.383038247323043,0.1066,0.15,mid-peak,40,92,-40,3.4,5.4,12
2025-11-26 11:16:07.125073,18.0,auto,auto,20.0,69.9,580,11.9,55.1,cloudy,26.3,733.3779188304902,cooling,0.624,5.973720330466367,1200,5.8,20.0,73.61020543140522,170.45460593950273,3.6,Master Bedroom,25,18,low,18.082216674420604,False,False,False,-0.64,13.7,14.0,19.991240110155456,0.0936,0.15,mid-peak,87,96,-68,2.0,8.1,3
2025-11-26 11:31:07.125073,18.0,auto,auto,21.5,70.0,570,19.2,60.0,cloudy,9.9,818.2479662592042,cooling,0.716,10.358303540491534,1600,7.2,21.5,79.34693739449305,193.20829597339812,3.36,Master Bedroom,25,17,low,16.91796951385031,False,False,False,-0.18,5.6,15.5,21.45276784683051,0.1074,0.15,mid-peak,60,87,-57,3.5,2.3,2
2025-11-26 11:46:07.125073,18.0,auto,auto,20.4,62.3,670,11.5,47.1,rain,15.8,791.9877768081705,cooling,0.651,7.261460159445807,1200,10.6,20.4,75.71016386105092,193.8434501630234,3.62,Master Bedroom,25,27,low,27.457372980703166,False,False,False,-0.51,10.3,12.9,20.42048671981527,0.0976,0.15,mid-peak,27,85,-62,2.4,8.9,2
2025-11-26 17:01:07.125073,20.0,auto,auto,19.2,70.0,1200,5.5,60.8,snow,10.6,281.8475046139969,heating,0.684,2.3769677545110923,1600,42.7,19.2,85.44449411727732,170.79120647939345,2.92,Master Bedroom,25,80,medium,80.168145281781,False,True,False,-0.89,21.7,13.2,19.20767741516297,0.171,0.25,peak,71,92,-65,-0.8,13.7,15
2025-11-26 17:16:07.125073,20.0,auto,auto,19.2,70.0,1240,7.2,56.3,partly_cloudy,25.9,224.41913605229232,heating,0.685,2.414786831270078,1600,37.8,19.2,83.64493606047348,172.2247390898166,2.84,Master Bedroom,25,84,medium,84.04079473088906,False,True,False,-0.89,21.8,13.2,19.195071056243307,0.1713,0.25,peak,40,86,-41,-0.8,12.0,15
2025-11-26 17:31:07.125073,20.0,auto,auto,18.5,70.0,1320,7.7,68.2,rain,13.6,235.78463349542537,heating,0.738,4.522713976417791,1200,35.6,18.5,79.97459287268369,183.2107897069326,2.82,Master Bedroom,25,92,medium,91.71385152526466,False,True,False,-1.12,31.3,12.5,18.492428674527403,0.1845,0.25,peak,77,99,-60,-1.5,10.8,9
2025-11-26 17:46:07.125073,20.0,auto,auto,18.4,70.0,1340,10.1,79.6,clear,2.1,163.88139187176466,heating,0.744,4.742961382424525,800,38.8,18.4,86.12326406731498,190.2495857341519,2.7,Master Bedroom,25,94,medium,93.75677830322113,False,True,False,-1.14,32.3,12.4,18.41901287252516,0.186,0.25,peak,72,97,-55,-1.6,8.3,2
2025-11-26 23:01:07.125073,22.0,auto,auto,19.8,70.0,410,-4.5,69.9,cloudy,10.4,0.0,heating,0.793,6.729067694989226,1200,44.1,19.8,82.20462509910394,184.65259024799627,3.42,Master Bedroom,25,1,sleep,1.0167318783137904,False,True,False,-0.72,16.0,13.8,19.75697743500359,0.0793,0.1,off-peak,83,97,-62,-2.2,24.3,5
2025-11-26 23:16:07.125073,22.0,auto,auto,19.6,57.2,410,-1.2,35.2,clear,15.5,0.0,heating,0.804,7.168886288186009,800,41.3,19.6,80.51466564062554,188.4577568563391,3.26,Master Bedroom,25,1,sleep,0.7289276353043561,False,True,False,-0.77,17.5,11.0,19.61037123727133,0.0804,0.1,off-peak,76,81,-55,-2.4,20.8,15
2025-11-26 23:31:07.125073,22.0,auto,auto,18.4,70.0,460,-7.4,70.5,clear,15.5,0.0,heating,0.899,10.941682255515033,1200,39.3,18.4,71.67416065206159,175.26801515943947,3.57,Master Bedroom,25,6,sleep,5.9602395029615,False,True,False,-1.18,34.1,12.4,18.35277258149499,0.0899,0.1,off-peak,67,83,-69,-3.6,25.8,11
2025-11-26 23:46:07.125073,22.0,auto,auto,18.9,70.0,470,-0.9,56.5,partly_cloudy,11.0,0.0,heating,0.858,9.331369528198781,1200,41.6,18.9,81.52074649285588,168.86302665651172,3.24,Master Bedroom,25,7,sleep,6.6666791399353675,False,True,False,-1.0,26.2,12.9,18.889543490600406,0.0858,0.1,off-peak,40,87,-63,-3.1,19.8,10
2025-11-27 05:01:07.125073,23.0,auto,auto,20.2,61.4,440,0.9,41.4,rain,9.4,0.0,heating,0.836,8.435719393008526,800,38.4,20.2,73.49465399924742,170.3063196028419,3.16,Master Bedroom,25,4,sleep,4.29752257468605,False,True,False,-0.58,12.2,12.5,20.188093535663825,0.0836,0.1,off-peak,39,95,-46,-2.8,19.3,16
2025-11-27 05:16:07.125073,23.0,auto,auto,21.9,70.0,480,6.6,73.7,rain,28.0,0.0,heating,0.708,3.335363700884688,800,41.1,21.9,84.64131318160491,172.4933553574626,2.87,Master Bedroom,25,8,sleep,8.301758721332448,False,True,False,-0.04,5.0,15.9,21.888212099705104,0.0708,0.1,off-peak,39,80,-47,-1.1,15.3,2
2025-11-27 05:31:07.125073,23.0,auto,auto,20.4,70.0,420,0.6,77.1,snow,19.8,0.0,heating,0.823,7.931143065617267,1200,44.3,20.4,81.11526199467095,167.68428191516728,3.17,Master Bedroom,25,2,sleep,2.0960098852347246,False,True,False,-0.53,10.9,14.4,20.356285644794244,0.0823,0.1,off-peak,86,87,-57,-2.6,19.8,13
2025-11-27 05:46:07.125073,23.0,auto,auto,20.6,65.4,420,-0.2,52.0,cloudy,24.6,0.0,heating,0.808,7.32813658090177,1600,37.0,20.6,77.58819336211661,183.56436851662644,3.21,Master Bedroom,25,2,sleep,2.3322980549835353,False,True,False,-0.47,9.5,13.6,20.557287806366077,0.0808,0.1,off-peak,71,91,-69,-2.4,20.8,14
2025-11-27 11:01:07.125073,21.0,auto,auto,23.5,64.2,640,14.6,54.5,partly_cloudy,2.9,730.3000474809929,cooling,0.656,7.491772376888665,1200,9.4,23.5,72.71394510795722,178.71552611559048,3.51,Master Bedroom,25,24,low,24.071887191928543,False,False,False,0.48,9.8,16.3,23.49725745896289,0.0984,0.15,mid-peak,89,83,-60,2.5,8.9,13
2025-11-27 11:16:07.125073,21.0,auto,auto,22.8,70.0,630,10.6,68.1,rain,8.5,742.2382671962556,cooling,0.609,5.255755362874581,1200,12.7,22.8,88.34413204997773,185.1225546897716,3.65,Master Bedroom,25,23,low,23.353866123656232,False,False,False,0.24,6.2,16.8,22.751918454291527,0.0914,0.15,mid-peak,31,90,-44,1.8,12.2,5
2025-11-27 11:31:07.125073,21.0,auto,auto,18.0,59.1,510,14.0,32.0,cloudy,7.8,727.2452752676675,heating,0.851,9.022156726131843,1600,37.2,18.0,75.00313384533034,190.60442936102493,2.5,Master Bedroom,25,11,low,11.313376033500845,False,False,False,-1.28,39.4,9.8,17.99261442462272,0.1276,0.15,mid-peak,32,98,-40,-3.0,4.0,18
2025-11-27 11:46:07.125073,21.0,auto,auto,23.3,68.6,580,14.7,54.8,snow,25.1,867.0543723814167,cooling,0.643,6.86280177022444,1200,8.4,23.3,89.4768833050426,183.40284302413664,3.51,Master Bedroom,25,18,low,18.233621656797734,False,False,False,0.41,8.5,17.0,23.287600590074813,0.0964,0.15,mid-peak,9,90,-56,2.3,8.6,2
2025-11-27 17:01:07.125073,19.0,auto,auto,17.3,70.0,1310,6.6,67.0,rain,12.9,157.190331775448,heating,0.756,5.2289632209311065,1200,36.1,17.3,86.22522412907148,169.22083330105838,2.87,Master Bedroom,25,91,medium,90.78386669140237,False,True,False,-1.51,51.4,11.3,17.25701225968963,0.189,0.25,peak,84,85,-64,-1.7,10.7,2
2025-11-27 17:16:07.125073,19.0,auto,auto,18.0,70.0,1310,7.4,64.5,snow,24.6,139.81766195087468,heating,0.703,3.1285519106410575,1600,38.7,18.0,85.82207706891421,180.39624948825224,2.83,Master Bedroom,25,91,medium,90.64179039235994,False,True,False,-1.29,39.6,12.0,17.957149363119647,0.1758,0.25,peak,73,100,-61,-1.0,10.6,8
2025-11-27 17:31:07.125073,19.0,auto,auto,16.5,70.0,1350,4.5,59.1,cloudy,3.3,305.050737012803,heating,0.814,7.5637174037557,1600,36.9,16.5,87.14493989892247,189.3093770906794,2.98,Master Bedroom,25,95,medium,195.07433411992866,True,True,False,-1.76,64.8,10.5,16.478760865414767,0.2035,0.25,peak,81,88,-68,-2.5,12.0,0
2025-11-27 17:46:07.125073,19.0,auto,auto,18.4,66.9,1280,12.0,49.4,snow,20.2,219.21483157659435,heating,0.668,1.70337848436413,1200,41.3,18.4,73.86300171133135,184.68199817123582,2.6,Master Bedroom,25,88,medium,188.18105778144047,True,True,False,-1.14,32.1,11.8,18.432207171878623,0.167,0.25,peak,87,93,-46,-0.6,6.4,14
2025-11-27 11:01:07.125073,18.0,auto,auto,20.8,69.5,590,13.1,50.7,snow,12.1,773.6405906736684,cooling,0.678,8.534227366539255,1200,6.9,20.8,82.32450017568178,183.90933357859922,3.56,Master Bedroom,25,19,low,18.587100932997753,False,False,False,-0.37,7.9,14.7,20.844742455513085,0.1017,0.15,mid-peak,85,92,-43,2.8,7.7,1
2025-11-27 11:16:07.125073,18.0,auto,auto,20.8,70.0,640,13.6,67.7,rain,5.6,761.8628473223564,cooling,0.674,8.358885913250795,800,10.7,20.8,89.81785578515098,186.16638168096162,3.55,Master Bedroom,25,24,low,23.558966334157958,False,False,False,-0.39,8.1,14.8,20.78629530441693,0.1011,0.15,mid-peak,5,96,-60,2.8,7.2,0
2025-11-27 11:31:07.125073,18.0,auto,auto,20.6,70.0,670,14.9,58.5,snow,20.3,695.5300427268888,cooling,0.66,7.674349534865989,1200,11.9,20.6,70.07343807842174,181.7306595084644,3.5,Master Bedroom,25,27,low,27.049408042715044,False,False,False,-0.46,9.5,14.6,20.558116511621996,0.099,0.15,mid-peak,59,82,-63,2.6,5.7,4
2025-11-27 11:46:07.125073,18.0,auto,auto,20.6,62.6,510,11.3,47.2,clear,6.1,781.3486509917077,cooling,0.66,7.674627425922608,800,11.7,20.6,85.5581069724243,167.95561876664067,3.62,Master Bedroom,25,11,low,10.690025781337363,False,False,False,-0.46,9.5,13.1,20.558209141974203,0.099,0.15,mid-peak,14,87,-46,2.6,9.3,12
2025-11-27 17:01:07.125073,20.0,auto,auto,19.3,70.0,1360,6.3,57.6,cloudy,3.1,298.14037668560513,heating,0.679,2.1652669951770953,1200,35.5,19.3,84.69935152478492,173.72895092035088,2.88,Master Bedroom,25,96,medium,95.60207621938336,False,True,False,-0.87,20.8,13.3,19.27824433494097,0.1698,0.25,peak,79,91,-67,-0.7,13.0,11
2025-11-27 17:16:07.125073,20.0,auto,auto,19.8,64.6,1380,13.7,43.9,clear,7.5,220.54147127685474,off,0.0,0.0,0,19.792286141929313,19.792286141929313,49.10260241829275,125.51050046573613,0.0,Master Bedroom,25,98,medium,197.71923349571142,True,True,False,-0.7,15.4,12.7,19.792286141929313,0.0,0.25,peak,20,90,-46,-0.2,6.1,10
2025-11-27 17:31:07.125073,20.0,auto,auto,18.8,70.0,1340,9.2,48.4,clear,14.8,303.7158035807228,heating,0.715,3.5942345969311518,800,40.6,18.8,84.55185897297667,176.1394105476428,2.74,Master Bedroom,25,94,medium,93.52838272087116,False,True,False,-1.02,26.9,12.8,18.80192180102295,0.1788,0.25,peak,83,90,-60,-1.2,9.6,11
2025-11-27 17:46:07.125073,20.0,auto,auto,18.0,70.0,1290,6.3,78.6,clear,14.0,283.2423704081529,heating,0.774,5.958884618577613,800,40.7,18.0,78.11916353420494,193.4267282286272,2.88,Master Bedroom,25,89,medium,88.63467476185772,False,True,False,-1.27,38.7,12.0,18.013705127140796,0.1935,0.25,peak,29,98,-57,-2.0,11.7,6
2025-11-27 23:01:07.125073,22.0,auto,auto,27.0,66.8,410,-0.6,66.0,cloudy,9.6,0.0,cooling,0.814,15.0,1600,15.7,27.0,87.55439700056374,186.43283591711284,4.02,Master Bedroom,25,1,sleep,1.430119648468482,False,True,False,1.62,57.4,20.4,29.4,0.0814,0.1,off-peak,89,86,-63,5.0,27.6,19
2025-11-27 23:16:07.125073,22.0,auto,auto,18.8,70.0,490,-2.5,60.4,clear,26.0,0.0,heating,0.863,9.532026911675938,800,43.5,18.8,77.50349578465065,183.94058979236678,3.32,Master Bedroom,25,9,sleep,9.281887269465253,False,True,False,-1.02,27.2,12.8,18.82265769610802,0.0863,0.1,off-peak,87,85,-58,-3.2,21.3,11
2025-11-27 23:31:07.125073,22.0,auto,auto,19.7,70.0,460,3.5,75.6,clear,2.4,0.0,heating,0.798,6.908651705073812,1200,40.0,19.7,76.98315849874601,183.38749859617153,3.03,Master Bedroom,25,6,sleep,6.472481103251243,False,True,False,-0.74,16.6,13.7,19.69711609830873,0.0798,0.1,off-peak,79,94,-59,-2.3,16.2,14
2025-11-27 23:46:07.125073,22.0,auto,auto,20.2,70.0,460,-2.6,63.7,partly_cloudy,3.1,0.0,heating,0.763,5.52665115625317,1200,41.3,20.2,71.02329363056401,174.77394184244102,3.33,Master Bedroom,25,6,sleep,6.149445249156321,False,True,False,-0.59,12.4,14.2,20.15778294791561,0.0763,0.1,off-peak,62,100,-64,-1.8,22.8,15
2025-11-28 05:01:07.125073,23.0,auto,auto,20.5,65.4,410,4.0,52.5,cloudy,18.9,0.0,heating,0.809,7.350233248019094,1200,41.4,20.5,82.77673333583742,175.1575384285305,3.0,Master Bedroom,25,1,sleep,1.277620912829771,False,True,False,-0.47,9.6,13.6,20.549922250660302,0.0809,0.1,off-peak,48,82,-60,-2.5,16.5,8
2025-11-28 05:16:07.125073,23.0,auto,auto,21.1,58.4,480,4.6,40.9,rain,16.3,0.0,heating,0.77,5.806990537925749,1200,37.7,21.1,76.2121588987816,190.92049927331806,2.97,Master Bedroom,25,8,sleep,8.17454396758938,False,True,False,-0.3,6.9,12.8,21.064336487358084,0.077,0.1,off-peak,3,99,-68,-1.9,16.5,18
2025-11-28 05:31:07.125073,23.0,auto,auto,20.9,70.0,460,3.4,64.0,cloudy,0.9,0.0,heating,0.779,6.176156079286287,1600,38.1,20.9,78.02250926990484,172.9137998810127,3.03,Master Bedroom,25,6,sleep,5.545614402759117,False,True,False,-0.34,7.4,14.9,20.94128130690457,0.0779,0.1,off-peak,14,99,-67,-2.1,17.5,17
2025-11-28 05:46:07.125073,23.0,auto,auto,21.0,70.0,470,4.4,57.6,cloudy,12.3,0.0,heating,0.773,5.936777871834121,1600,37.5,21.0,70.0185701341963,190.69699894272222,2.98,Master Bedroom,25,7,sleep,6.593106270463565,False,True,False,-0.32,7.1,15.0,21.02107404272196,0.0773,0.1,off-peak,6,90,-62,-2.0,16.6,20
2025-11-28 11:01:07.125073,21.0,auto,auto,22.9,70.0,600,10.9,55.6,cloudy,3.6,688.3555737592859,cooling,0.619,5.718816950897498,1600,9.1,22.9,70.91288514831565,171.32272632904656,3.64,Master Bedroom,25,20,low,19.770941305107893,False,False,False,0.29,6.8,16.9,22.906272316965833,0.0928,0.15,mid-peak,31,85,-56,1.9,12.0,10
2025-11-28 11:16:07.125073,21.0,auto,auto,23.9,66.2,530,17.0,52.9,cloudy,0.7,824.3134614223089,cooling,0.684,8.810412033908467,1600,10.5,23.9,74.11254401407815,187.27606175606743,3.43,Master Bedroom,25,13,low,12.560242117065085,False,False,False,0.62,13.1,17.2,23.936804011302822,0.1026,0.15,mid-peak,43,88,-46,2.9,6.9,3
2025-11-28 11:31:07.125073,21.0,auto,auto,23.1,54.2,620,14.4,38.3,cloudy,15.8,757.577101155919,cooling,0.629,6.202906020338467,1200,11.9,23.1,79.78234252885359,182.5530474742253,3.52,Master Bedroom,25,22,low,22.337921770342405,False,False,False,0.34,7.4,13.9,23.067635340112822,0.0944,0.15,mid-peak,5,85,-57,2.1,8.7,5
2025-11-28 11:46:07.125073,21.0,auto,auto,23.0,70.0,530,9.4,74.2,clear,5.4,699.8967869828846,cooling,0.625,6.005642676243408,1200,11.8,23.0,76.24218499493253,167.34683243619358,3.69,Master Bedroom,25,13,low,12.60917184803318,False,False,False,0.32,7.1,17.0,23.001880892081136,0.0938,0.15,mid-peak,27,99,-45,2.0,13.6,15
2025-11-28 17:01:07.125073,19.0,auto,auto,18.2,70.0,1280,9.6,65.4,rain,27.2,161.78080014403122,heating,0.684,2.3582154789921788,800,41.6,18.2,78.23250545592518,167.58956836627507,2.72,Master Bedroom,25,88,medium,87.51421998340409,False,True,False,-1.2,35.5,12.2,18.213928173669274,0.171,0.25,peak,86,87,-43,-0.8,8.6,14
2025-11-28 17:16:07.125073,19.0,auto,auto,18.0,70.0,1390,4.5,50.3,snow,8.4,209.7261275524329,heating,0.699,2.9717926493630387,1200,41.9,18.0,84.65887333508344,187.22203437535532,2.98,Master Bedroom,25,99,medium,99.49857975687951,False,True,False,-1.27,38.7,12.0,18.00940245021232,0.1748,0.25,peak,5,89,-42,-1.0,13.5,3
2025-11-28 17:31:07.125073,19.0,auto,auto,17.1,70.0,1280,4.5,63.3,snow,23.0,140.73185884218717,heating,0.767,5.6938563639811655,1600,42.1,17.1,77.66300385012134,191.64002818111294,2.98,Master Bedroom,25,88,medium,87.85249724902098,False,True,False,-1.56,54.1,11.1,17.102047878672945,0.1918,0.25,peak,78,91,-50,-1.9,12.6,10
2025-11-28 17:46:07.125073,19.0,auto,auto,18.3,70.0,1280,13.1,43.1,snow,3.3,145.05026268037318,heating,0.679,2.1461336189823754,1600,41.1,18.3,79.88355187114871,194.13692878216747,2.54,Master Bedroom,25,88,medium,187.68807008567137,True,True,False,-1.18,34.4,12.3,18.284622127005875,0.1698,0.25,peak,5,92,-70,-0.7,5.2,9
2025-11-28 11:01:07.125073,18.0,auto,auto,20.7,70.0,580,17.0,62.2,clear,25.5,692.1644034235457,cooling,0.67,8.16573970163147,1600,12.5,20.7,83.03846545428235,174.09040665689488,3.43,Master Bedroom,25,18,low,17.82377559072181,False,False,False,-0.41,8.5,14.7,20.721913233877157,0.1005,0.15,mid-peak,8,96,-44,2.7,3.7,12
2025-11-28 11:16:07.125073,18.0,auto,auto,19.5,70.0,520,10.5,61.3,clear,18.0,701.6261778021036,cooling,0.594,4.516007556247871,1200,7.9,19.5,86.94614248618473,170.87256487370328,3.65,Master Bedroom,25,12,low,12.03456247469174,False,False,False,-0.8,18.5,13.5,19.505335852082624,0.0891,0.15,mid-peak,31,87,-61,1.5,9.0,15
2025-11-28 11:31:07.125073,18.0,auto,auto,20.0,70.0,630,15.5,57.5,rain,4.9,732.7233892793223,cooling,0.627,6.073079385883247,1600,9.3,20.0,72.05264250737807,173.36537352253674,3.48,Master Bedroom,25,23,low,23.226918915995242,False,False,False,-0.63,13.4,14.0,20.024359795294416,0.094,0.15,mid-peak,80,87,-51,2.0,4.5,17
2025-11-28 11:46:07.125073,18.0,auto,auto,20.9,68.6,620,14.1,52.2,cloudy,22.9,767.0474546270614,cooling,0.68,8.635864471659943,1200,7.1,20.9,77.61474386307643,182.78741293459822,3.53,Master Bedroom,25,22,low,21.944329564840164,False,False,False,-0.36,7.7,14.6,20.878621490553314,0.102,0.15,mid-peak,27,85,-59,2.9,6.8,15
2025-11-28 17:01:07.125073,20.0,auto,auto,18.9,70.0,1260,10.9,60.5,snow,20.4,230.55661932225829,heating,0.707,3.2950405062538053,800,41.6,18.9,88.761252206187,177.291091029545,2.66,Master Bedroom,25,86,medium,85.62463087665155,False,True,False,-0.99,25.5,12.9,18.901653164582065,0.1768,0.25,peak,82,92,-47,-1.1,8.0,13
2025-11-28 17:16:07.125073,20.0,auto,auto,19.2,70.0,1250,12.0,56.0,rain,18.5,114.72687168241107,heating,0.682,2.298158820012933,800,35.1,19.2,83.53579428841971,184.70037708179575,2.6,Master Bedroom,25,85,medium,84.80486158679591,False,True,False,-0.88,21.4,13.2,19.23394705999569,0.1705,0.25,peak,29,95,-67,-0.8,7.2,7
2025-11-28 17:31:07.125073,20.0,auto,auto,19.4,67.7,1310,10.8,46.5,partly_cloudy,21.8,294.92418933451745,heating,0.674,1.9445195795611347,1200,41.6,19.4,78.05508943554256,173.47581698582755,2.66,Master Bedroom,25,91,medium,191.25974174380707,True,True,False,-0.84,20.0,12.9,19.351826806812955,0.1685,0.25,peak,10,88,-53,-0.6,8.6,4
2025-11-28 17:46:07.125073,20.0,auto,auto,18.6,70.0,1360,11.6,51.6,clear,8.8,127.45131194513726,heating,0.726,4.050577590671978,800,42.2,18.6,78.40140731423884,181.23684533767403,2.62,Master Bedroom,25,96,medium,96.24479175973562,False,True,False,-1.07,29.0,12.6,18.649807469776007,0.1815,0.25,peak,56,84,-54,-1.4,7.0,15
2025-11-28 23:01:07.125073,22.0,auto,auto,18.8,69.8,470,-6.8,42.6,snow,7.2,0.0,heating,0.862,9.490206822916768,1200,38.7,18.8,76.61035455681848,165.6611147343813,3.54,Master Bedroom,25,7,sleep,7.374912040869278,False,True,False,-1.02,27.0,12.8,18.83659772569441,0.0862,0.1,off-peak,65,82,-53,-3.2,25.6,11
2025-11-28 23:16:07.125073,22.0,auto,auto,19.2,70.0,440,-0.6,59.1,cloudy,27.4,0.0,heating,0.837,8.49724234065156,800,36.2,19.2,70.27659997597769,167.22502431838407,3.23,Master Bedroom,25,4,sleep,4.049435868286324,False,True,False,-0.91,22.6,13.2,19.16758588644948,0.0837,0.1,off-peak,52,91,-65,-2.8,19.8,6
2025-11-28 23:31:07.125073,22.0,auto,auto,20.4,70.0,400,1.3,66.7,clear,5.5,0.0,heating,0.743,4.701231412790541,1600,43.0,20.4,70.37902372392286,180.87679241730953,3.14,Master Bedroom,25,0,sleep,0.39416080746356275,False,True,False,-0.51,10.3,14.4,20.432922862403153,0.0743,0.1,off-peak,38,85,-69,-1.6,19.1,16
2025-11-28 23:46:07.125073,22.0,auto,auto,20.1,70.0,460,-1.1,64.8,cloudy,27.0,0.0,heating,0.765,5.585886526304478,800,41.9,20.1,84.09056876604194,166.574069346413,3.26,Master Bedroom,25,6,sleep,6.182278844420401,False,True,False,-0.6,12.6,14.1,20.138037824565174,0.0765,0.1,off-peak,34,93,-59,-1.9,21.2,4
2025-11-29 05:01:07.125073,23.0,auto,auto,20.6,70.0,570,1.5,61.0,rain,4.7,0.0,heating,0.804,7.173284994507114,1600,42.1,20.6,88.46067460279835,189.7486160622753,3.12,Master Bedroom,25,17,sleep,16.763812291820283,False,True,False,-0.45,9.2,14.6,20.608905001830962,0.0804,0.1,off-peak,23,94,-60,-2.4,19.1,7
2025-11-29 05:16:07.125073,23.0,auto,auto,21.2,68.8,490,7.1,56.1,clear,0.4,0.0,heating,0.761,5.428464696707071,1200,39.3,21.2,70.65079549340905,168.45697998291192,2.84,Master Bedroom,25,9,sleep,9.213022530418094,False,True,False,-0.26,6.4,14.9,21.19051176776431,0.0761,0.1,off-peak,78,99,-64,-1.8,14.1,12
2025-11-29 05:31:07.125073,23.0,auto,auto,20.6,70.0,480,6.0,67.1,snow,27.5,0.0,heating,0.807,7.279597682149305,1600,39.0,20.6,70.63298801889374,177.88063055417211,2.9,Master Bedroom,25,8,sleep,7.915282984271305,False,True,False,-0.46,9.4,14.6,20.573467439283565,0.0807,0.1,off-peak,59,93,-41,-2.4,14.6,12
2025-11-29 05:46:07.125073,23.0,auto,auto,20.7,62.7,560,1.7,46.8,rain,11.8,0.0,heating,0.801,7.049459877563979,1200,40.5,20.7,78.95526068298724,174.419335762528,3.12,Master Bedroom,25,16,sleep,16.032296665379096,False,True,False,-0.44,9.0,13.2,20.650180040812007,0.0801,0.1,off-peak,48,94,-62,-2.3,19.0,2
2025-11-29 11:01:07.125073,21.0,auto,auto,23.7,58.8,950,14.2,46.4,partly_cloudy,14.7,687.585144869571,cooling,0.669,8.109661669332123,1200,11.6,23.7,70.67859952958368,174.0161602210585,3.53,Master Bedroom,25,55,medium,54.67827333415746,False,True,False,0.54,11.1,15.5,23.70322055644404,0.1004,0.15,mid-peak,35,89,-53,2.7,9.5,1
2025-11-29 11:16:07.125073,21.0,auto,auto,23.9,68.6,920,18.0,60.6,clear,4.5,856.0436530068914,cooling,0.681,8.687826666624318,1600,10.8,23.9,76.82203956971826,183.4978773346835,3.4,Master Bedroom,25,52,medium,52.116133797570484,False,True,False,0.6,12.6,17.6,23.895942222208106,0.1022,0.15,mid-peak,65,98,-60,2.9,5.9,0
2025-11-29 11:31:07.125073,21.0,auto,auto,23.5,60.2,930,14.6,42.9,snow,14.4,844.3185111768446,cooling,0.653,7.356982987674282,1600,14.9,23.5,89.53853057798067,189.79886664903455,3.51,Master Bedroom,25,53,medium,153.2110849138471,True,True,False,0.46,9.5,15.5,23.452327662558094,0.098,0.15,mid-peak,12,100,-55,2.5,8.9,12
2025-11-29 11:46:07.125073,21.0,auto,auto,23.4,64.6,930,13.8,51.4,snow,4.2,840.3461334003638,cooling,0.652,7.272587059952436,800,11.4,23.4,70.5883107799815,187.80382739135294,3.54,Master Bedroom,25,53,medium,53.0190285030301,False,True,False,0.45,9.3,16.4,23.424195686650812,0.0978,0.15,mid-peak,46,89,-57,2.4,9.6,9
2025-11-29 17:01:07.125073,19.0,auto,auto,18.5,70.0,1070,10.0,49.0,clear,26.2,167.90531710102678,off,0.0,0.0,0,18.518073447938136,18.518073447938136,48.586334789949106,126.6459652977385,0.0,Master Bedroom,25,67,medium,67.2751580331681,False,True,False,-1.11,30.9,12.5,18.518073447938136,0.0,0.25,peak,23,95,-67,-0.5,8.5,3
2025-11-29 17:16:07.125073,19.0,auto,auto,18.3,70.0,1000,11.5,57.1,snow,22.0,133.9443540013486,heating,0.674,1.9794329032495455,1200,41.1,18.3,76.68175489844718,167.31037866818482,2.62,Master Bedroom,25,60,medium,159.6930257244339,True,True,False,-1.16,33.5,12.3,18.34018903225015,0.1685,0.25,peak,74,88,-57,-0.7,6.8,16
2025-11-29 17:31:07.125073,19.0,auto,auto,18.7,68.1,1220,11.0,39.5,partly_cloudy,4.9,276.5451257389777,off,0.0,0.0,0,18.713213472634227,18.713213472634227,49.19945933215177,123.53900431094834,0.0,Master Bedroom,25,82,medium,182.12716561198414,True,True,False,-1.05,28.1,12.3,18.713213472634227,0.0,0.25,peak,77,98,-49,-0.3,7.7,6
2025-11-29 17:46:07.125073,19.0,auto,auto,17.0,70.0,1250,5.7,65.8,cloudy,2.9,294.693863680712,heating,0.774,5.970597769259058,1200,36.6,17.0,73.82003256844435,176.2239241877342,2.92,Master Bedroom,25,85,medium,185.45239311829232,True,True,False,-1.59,55.7,11.0,17.009800743580314,0.1935,0.25,peak,76,82,-60,-2.0,11.3,13
2025-11-29 11:01:07.125073,19.0,auto,auto,21.2,64.5,1110,11.7,45.2,snow,16.9,743.0816265266703,cooling,0.635,6.459186131789828,1200,7.4,21.2,74.53587788356927,191.62935807044698,3.61,Master Bedroom,25,71,medium,71.14164851146879,False,True,False,-0.27,6.5,14.1,21.153062043929943,0.0952,0.15,mid-peak,58,84,-60,2.2,9.5,0
2025-11-29 11:16:07.125073,19.0,auto,auto,21.2,62.0,1290,17.2,42.4,cloudy,7.8,728.720860171893,cooling,0.638,6.604559791407972,1200,12.4,21.2,88.89418811052435,173.19116374596055,3.43,Master Bedroom,25,89,medium,89.38687230376067,False,True,False,-0.25,6.3,13.6,21.201519930469324,0.0957,0.15,mid-peak,26,82,-42,2.2,4.0,2
2025-11-29 11:31:07.125073,19.0,auto,auto,15.1,70.0,930,12.8,68.0,cloudy,11.5,779.3856173452581,heating,0.915,11.597404117957431,1200,33.4,15.1,87.20790088526395,187.94120313370948,2.56,Master Bedroom,25,53,medium,152.7664076736943,True,True,False,-2.18,84.4,9.1,15.134198627347523,0.1372,0.15,mid-peak,74,89,-53,-3.9,2.3,13
2025-11-29 11:46:07.125073,19.0,auto,auto,21.3,70.0,1270,14.0,51.9,cloudy,20.0,842.1808899944689,cooling,0.645,6.960621327291612,800,8.1,21.3,76.55568192921868,181.32381316137247,3.53,Master Bedroom,25,87,medium,87.01981294882346,False,True,False,-0.22,6.0,15.3,21.320207109097204,0.0968,0.15,mid-peak,52,94,-66,2.3,7.3,16
2025-11-29 17:01:07.125073,21.0,auto,auto,20.1,66.9,1040,8.4,47.3,cloudy,26.6,166.08871605002477,heating,0.69,2.606583327234162,800,42.1,20.1,85.56849981913068,183.67860414713832,2.78,Master Bedroom,25,64,medium,64.39103329862068,False,True,False,-0.59,12.4,13.5,20.131138890921946,0.1725,0.25,peak,79,86,-65,-0.9,11.7,4
2025-11-29 17:16:07.125073,21.0,auto,auto,19.2,70.0,1280,5.5,60.1,rain,13.5,135.54510584863175,heating,0.761,5.446362067908865,800,41.3,19.2,80.23794913026849,183.22679911552513,2.92,Master Bedroom,25,88,medium,88.43530733465441,False,True,False,-0.9,21.9,13.2,19.18454597736371,0.1902,0.25,peak,22,92,-59,-1.8,13.7,2
2025-11-29 17:31:07.125073,21.0,auto,auto,19.3,70.0,920,3.7,71.1,clear,22.0,247.61281248179134,heating,0.749,4.974542986186908,800,43.3,19.3,76.88859979733601,177.33625615702076,3.02,Master Bedroom,25,52,medium,51.6279887636531,False,True,False,-0.85,20.1,13.3,19.341819004604364,0.1872,0.25,peak,16,97,-67,-1.7,15.6,18
2025-11-29 17:46:07.125073,21.0,auto,auto,19.4,70.0,1240,2.3,54.1,partly_cloudy,10.9,119.01637985594178,heating,0.747,4.893251597550602,1600,35.8,19.4,84.93695313235395,175.31015450513638,3.08,Master Bedroom,25,84,medium,83.70457311438031,False,True,False,-0.84,19.8,13.4,19.3689161341498,0.1868,0.25,peak,87,94,-50,-1.6,17.1,17
2025-11-29 23:01:07.125073,22.5,auto,auto,19.9,70.0,450,-0.0,65.1,snow,26.5,0.0,heating,0.821,7.857386096509696,800,42.3,19.9,84.23673412446115,185.17370167277696,3.2,Master Bedroom,25,5,sleep,5.128347567100149,False,True,False,-0.68,14.8,13.9,19.880871301163435,0.0821,0.1,off-peak,42,80,-66,-2.6,19.9,12
2025-11-29 23:16:07.125073,22.5,auto,auto,20.9,70.0,420,-1.0,61.1,rain,19.6,0.0,heating,0.747,4.876791710892974,1600,37.3,20.9,80.72962501210378,182.4477131194528,3.25,Master Bedroom,25,2,sleep,1.8253630513912755,False,True,False,-0.36,7.7,14.9,20.874402763035675,0.0747,0.1,off-peak,78,82,-70,-1.6,21.9,17
2025-11-29 23:31:07.125073,22.5,auto,auto,20.3,70.0,500,-3.5,66.9,rain,29.2,0.0,heating,0.787,6.464801352721569,800,45.3,20.3,85.4992376840197,186.2822970612841,3.38,Master Bedroom,25,10,sleep,10.476879402244606,False,True,False,-0.53,11.0,14.3,20.345066215759477,0.0787,0.1,off-peak,52,90,-65,-2.2,23.8,17
2025-11-29 23:46:07.125073,22.5,auto,auto,20.0,70.0,530,-4.0,58.6,clear,24.9,0.0,heating,0.809,7.368682646042529,1200,38.2,20.0,83.98144138768609,186.5322398180145,3.4,Master Bedroom,25,13,sleep,13.204472112122472,False,True,False,-0.63,13.3,14.0,20.043772451319157,0.0809,0.1,off-peak,68,90,-49,-2.5,24.0,13
2025-11-30 05:01:07.125073,23.0,auto,auto,19.9,69.7,530,2.0,57.2,clear,19.9,0.0,heating,0.855,9.191292254240807,1600,35.1,19.9,83.66587013518472,166.08180166141562,3.1,Master Bedroom,25,13,sleep,12.630176104127736,False,True,False,-0.67,14.3,13.9,19.936235915253064,0.0855,0.1,off-peak,57,85,-40,-3.1,17.9,12
2025-11-30 05:16:07.125073,23.0,auto,auto,21.8,63.4,520,11.5,45.9,cloudy,16.7,0.0,heating,0.712,3.479185633053824,800,46.1,21.8,85.50346952138503,170.33435528679794,2.62,Master Bedroom,25,12,sleep,12.062804451964535,False,True,False,-0.05,5.1,14.5,21.840271455648725,0.0712,0.1,off-peak,70,92,-65,-1.2,10.3,6
2025-11-30 05:31:07.125073,23.0,auto,auto,22.2,62.3,590,6.1,44.8,cloudy,20.1,0.0,heating,0.687,2.4857420699257524,800,39.1,22.2,87.35546985944794,180.0398988401491,2.9,Master Bedroom,25,19,sleep,18.67392608476338,False,True,False,0.06,5.1,14.6,22.17141931002475,0.0687,0.1,off-peak,82,80,-51,-0.8,16.1,20
2025-11-30 05:46:07.125073,23.0,auto,auto,20.8,70.0,510,5.0,60.7,partly_cloudy,6.8,0.0,heating,0.788,6.526035614330816,1200,42.3,20.8,79.13121331068892,193.13547768909768,2.95,Master Bedroom,25,11,sleep,10.97474602346388,False,True,False,-0.38,8.0,14.8,20.82465479522306,0.0788,0.1,off-peak,89,98,-64,-2.2,15.8,20
2025-11-30 11:01:07.125073,22.0,auto,auto,23.5,70.0,930,10.7,56.2,rain,3.1,829.7602119087127,cooling,0.596,4.611979897501474,800,15.3,23.5,82.41602131329503,186.70206124858188,3.64,Master Bedroom,25,53,medium,153.44507083770873,True,True,False,0.49,10.0,17.5,23.53732663250049,0.0894,0.15,mid-peak,48,87,-70,1.5,12.8,16
2025-11-30 11:16:07.125073,22.0,auto,auto,24.6,52.7,1020,15.0,43.2,cloudy,4.1,759.1871224281084,cooling,0.662,7.78118429270738,800,15.9,24.6,78.71580393226982,185.15736116130586,3.5,Master Bedroom,25,62,medium,61.70189087112292,False,True,False,0.83,19.4,15.1,24.593728097569127,0.0993,0.15,mid-peak,65,93,-59,2.6,9.6,15
2025-11-30 11:31:07.125073,22.0,auto,auto,23.8,70.0,1260,9.9,63.0,clear,8.3,799.264203283468,cooling,0.614,5.491989461951441,800,11.5,23.8,89.3285409410538,194.7688906939958,3.67,Master Bedroom,25,86,medium,86.1525985400706,False,True,False,0.58,12.1,17.8,23.830663153983814,0.0921,0.15,mid-peak,7,89,-41,1.8,13.9,0
2025-11-30 11:46:07.125073,22.0,auto,auto,23.7,44.8,980,10.0,31.1,rain,27.8,852.5749998356534,cooling,0.604,4.9904748090813555,1600,9.9,23.7,78.4806781478245,172.0395549256345,3.67,Master Bedroom,25,58,medium,157.5788894416468,True,True,False,0.53,10.9,12.6,23.66349160302712,0.0906,0.15,mid-peak,31,88,-58,1.7,13.7,8
2025-11-30 17:01:07.125073,20.0,auto,auto,19.6,70.0,1110,10.1,59.2,snow,11.4,199.7655853442618,off,0.0,0.0,0,19.554211651771165,19.554211651771165,45.25264141490693,117.20201017327614,0.0,Master Bedroom,25,71,medium,70.62826908040363,False,True,False,-0.78,17.8,13.6,19.554211651771165,0.0,0.25,peak,77,97,-47,-0.4,9.5,8
2025-11-30 17:16:07.125073,20.0,auto,auto,18.7,70.0,940,8.1,65.2,snow,15.5,279.8030281757116,heating,0.724,3.974783650427181,800,36.6,18.7,70.46898934966815,179.51333738423364,2.8,Master Bedroom,25,54,medium,153.92937995553729,True,True,False,-1.06,28.6,12.7,18.675072116524273,0.181,0.25,peak,14,94,-64,-1.3,10.6,15
2025-11-30 17:31:07.125073,20.0,auto,auto,19.8,70.0,1120,9.4,63.0,rain,16.0,189.19732660799016,off,0.0,0.0,0,19.76750877544913,19.76750877544913,49.31189291419258,112.60127767288635,0.0,Master Bedroom,25,72,medium,171.60545688385366,True,True,False,-0.71,15.6,13.8,19.76750877544913,0.0,0.25,peak,82,94,-62,-0.2,10.4,5
2025-11-30 17:46:07.125073,20.0,auto,auto,18.1,70.0,910,10.7,63.9,cloudy,29.4,131.60954127048169,heating,0.767,5.66069053216961,1600,33.7,18.1,86.37791910572324,167.36387217174791,2.66,Master Bedroom,25,51,medium,150.91734464292227,True,True,False,-1.24,37.1,12.1,18.113103155943463,0.1918,0.25,peak,21,90,-69,-1.9,7.4,11
2025-11-30 11:01:07.125073,19.0,auto,auto,21.3,70.0,1090,11.8,56.5,cloudy,3.7,833.0972132022471,cooling,0.641,6.751427345657444,1200,8.1,21.3,76.68793597342675,183.72328721917015,3.61,Master Bedroom,25,69,medium,169.20145208824937,True,True,False,-0.24,6.2,15.3,21.250475781885815,0.0962,0.15,mid-peak,5,91,-61,2.3,9.5,5
2025-11-30 11:16:07.125073,19.0,auto,auto,21.3,70.0,1270,12.2,63.6,rain,6.6,796.5361960935578,cooling,0.641,6.791390650602285,1200,11.1,21.3,78.74548290322666,172.70692169824716,3.59,Master Bedroom,25,87,medium,87.38876685820038,False,True,False,-0.23,6.1,15.3,21.263796883534095,0.0962,0.15,mid-peak,64,97,-52,2.3,9.1,11
2025-11-30 11:31:07.125073,19.0,auto,auto,21.2,63.7,910,8.4,45.1,cloudy,17.8,820.5008163710472,cooling,0.639,6.660976691415431,1600,8.0,21.2,79.94651067542317,172.21858703552664,3.72,Master Bedroom,25,51,medium,50.96375103394352,False,True,False,-0.25,6.3,14.0,21.220325563805144,0.0958,0.15,mid-peak,58,93,-64,2.2,12.8,13
2025-11-30 11:46:07.125073,19.0,auto,auto,21.8,70.0,1080,13.7,55.1,rain,29.4,867.6538078039626,cooling,0.672,8.269626330309656,1600,12.0,21.8,74.49259983411902,174.95587694137168,3.54,Master Bedroom,25,68,medium,167.92490714540833,True,True,False,-0.08,5.1,15.8,21.75654211010322,0.1008,0.15,mid-peak,43,81,-48,2.8,8.1,8
2025-11-30 17:01:07.125073,21.0,auto,auto,19.8,66.7,1130,9.1,49.9,rain,29.5,202.27589924538432,heating,0.717,3.6798323543727847,1600,43.9,19.8,81.57042539201846,172.5844234627597,2.74,Master Bedroom,25,73,medium,72.85593494914603,False,True,False,-0.71,15.6,13.1,19.773389215209072,0.1792,0.25,peak,24,98,-50,-1.2,10.7,17
2025-11-30 17:16:07.125073,21.0,auto,auto,19.4,70.0,1090,9.4,57.0,partly_cloudy,11.5,237.25097727408306,heating,0.743,4.7292473040795,1600,42.7,19.4,75.62178599642901,183.5969243325077,2.73,Master Bedroom,25,69,medium,69.37584669587699,False,True,False,-0.82,19.2,13.4,19.4235842319735,0.1858,0.25,peak,72,96,-47,-1.6,10.0,18
2025-11-30 17:31:07.125073,21.0,auto,auto,19.3,70.0,940,7.2,80.0,rain,17.4,296.5985346903908,heating,0.756,5.222351345861352,1200,36.5,19.3,77.3241382274197,172.39735300773717,2.84,Master Bedroom,25,54,medium,54.48509352205333,False,True,False,-0.87,21.1,13.3,19.259216218046216,0.189,0.25,peak,17,100,-43,-1.7,12.1,7
2025-11-30 17:46:07.125073,21.0,auto,auto,18.7,67.3,1170,7.2,45.5,partly_cloudy,26.5,184.60953543594684,heating,0.795,6.811244590725764,1600,43.0,18.7,83.53501648109558,192.5424504649694,2.84,Master Bedroom,25,77,medium,77.18142730821135,False,True,False,-1.04,27.9,12.2,18.729585136424745,0.1988,0.25,peak,63,96,-47,-2.3,11.5,5
2025-11-30 23:01:07.125073,22.5,auto,auto,20.0,70.0,430,0.4,61.3,snow,27.0,0.0,heating,0.814,7.555688286859382,800,35.0,20.0,87.78141124450437,192.0590440481042,3.18,Master Bedroom,25,3,sleep,2.7227577641329064,False,True,False,-0.65,13.9,14.0,19.98143723771354,0.0814,0.1,off-peak,12,85,-51,-2.5,19.6,6
2025-11-30 23:16:07.125073,22.5,auto,auto,28.1,47.1,590,-1.7,44.2,clear,15.7,0.0,cooling,0.852,15.0,1200,19.3,28.1,84.75637832282311,168.3142509909687,4.06,Master Bedroom,25,19,sleep,18.948726321666488,False,True,False,1.98,75.6,17.6,30.0,0.0852,0.1,off-peak,75,100,-45,5.6,29.8,2
2025-11-30 23:31:07.125073,22.5,auto,auto,19.8,70.0,490,-6.4,57.6,rain,7.0,0.0,heating,0.831,8.237952644003379,1200,35.2,19.8,74.82067670574936,187.2387250988573,3.52,Master Bedroom,25,9,sleep,9.03685467004263,False,True,False,-0.72,16.0,13.8,19.754015785332207,0.0831,0.1,off-peak,24,94,-70,-2.7,26.2,13
2025-11-30 23:46:07.125073,22.5,auto,auto,19.2,68.6,520,-2.6,51.1,partly_cloudy,5.5,0.0,heating,0.871,9.82082814261118,1600,39.4,19.2,70.29287801084284,185.95545930198293,3.33,Master Bedroom,25,12,sleep,11.86338928988005,False,True,False,-0.89,21.9,13.0,19.226390619129607,0.0871,0.1,off-peak,22,89,-48,-3.3,21.8,6
2025-12-01 05:01:07.125073,23.0,auto,auto,20.1,59.2,440,-3.2,41.4,clear,6.9,0.0,heating,0.844,8.760629021011347,1200,39.5,20.1,89.95279302076126,174.48716390404113,3.36,Master Bedroom,25,4,sleep,3.5275851610838185,False,True,False,-0.62,13.0,11.9,20.07979032632955,0.0844,0.1,off-peak,75,85,-52,-2.9,23.3,1
2025-12-01 05:16:07.125073,23.0,auto,auto,20.4,70.0,480,-1.8,64.3,cloudy,21.1,0.0,heating,0.82,7.819718529823017,1200,39.2,20.4,78.20726530159111,177.33162811729568,3.29,Master Bedroom,25,8,sleep,8.192052767062073,False,True,False,-0.52,10.6,14.4,20.39342715672566,0.082,0.1,off-peak,18,93,-65,-2.6,22.2,14
2025-12-01 05:31:07.125073,23.0,auto,auto,19.9,70.0,410,-1.1,63.9,snow,25.1,0.0,heating,0.856,9.249015928745507,1600,40.0,19.9,74.05048186650284,190.55884737357417,3.26,Master Bedroom,25,1,sleep,1.0898976262597948,False,True,False,-0.67,14.5,13.9,19.916994690418164,0.0856,0.1,off-peak,68,81,-48,-3.1,21.0,13
2025-12-01 05:46:07.125073,23.0,auto,auto,21.4,62.0,420,6.9,48.4,rain,6.9,0.0,heating,0.744,4.774647626865601,1600,37.2,21.4,85.90599103088698,167.09623605384783,2.86,Master Bedroom,25,2,sleep,2.247727446576149,False,True,False,-0.19,5.8,13.8,21.4084507910448,0.0744,0.1,off-peak,32,93,-45,-1.6,14.5,19
2025-12-01 11:01:07.125073,22.0,auto,auto,23.3,55.6,680,11.6,36.9,clear,20.9,784.5416250447121,cooling,0.579,3.790989474036504,800,13.2,23.3,84.9519704969587,184.70376191691116,3.61,Master Bedroom,25,28,low,27.52344022051878,False,False,False,0.4,8.4,14.4,23.263663158012168,0.0868,0.15,mid-peak,79,98,-62,1.3,11.7,7
2025-12-01 11:16:07.125073,22.0,auto,auto,22.6,55.2,610,3.6,42.4,rain,6.2,752.322298613584,cooling,0.54,1.9419799633801347,1200,10.2,22.6,84.76848493509614,172.06757497699783,3.88,Master Bedroom,25,21,low,20.75916567395899,False,False,False,0.21,5.9,13.7,22.647326654460045,0.081,0.15,mid-peak,74,85,-59,0.6,19.0,2
2025-12-01 11:31:07.125073,22.0,auto,auto,23.5,56.4,570,8.6,41.0,snow,21.9,742.3639376570518,cooling,0.592,4.438065461679372,1600,10.2,23.5,84.81994068750102,192.31630467015177,3.71,Master Bedroom,25,17,low,16.701343811653867,False,False,False,0.47,9.7,14.8,23.479355153893124,0.0888,0.15,mid-peak,90,97,-63,1.5,14.9,4
2025-12-01 11:46:07.125073,22.0,auto,auto,23.7,59.3,590,7.5,41.6,snow,23.8,868.9478007105273,cooling,0.608,5.16224405399927,800,13.9,23.7,88.76603273039798,175.56939796254767,3.75,Master Bedroom,25,19,low,18.796156170836465,False,False,False,0.55,11.4,15.6,23.720748017999757,0.0912,0.15,mid-peak,32,88,-47,1.7,16.2,18
2025-12-01 17:01:07.125073,20.0,auto,auto,18.6,70.0,1240,1.5,60.0,cloudy,15.2,198.68050354245722,heating,0.728,4.118588569143121,1200,41.5,18.6,88.76492725951385,192.97656056060964,3.12,Master Bedroom,25,84,medium,84.28188551123088,False,True,False,-1.07,29.3,12.6,18.62713714361896,0.182,0.25,peak,74,82,-63,-1.4,17.1,4
2025-12-01 17:16:07.125073,20.0,auto,auto,18.5,70.0,1280,2.0,58.4,cloudy,16.6,275.4304249857951,heating,0.738,4.504739904599642,800,41.7,18.5,79.75089695197619,176.42856829425358,3.1,Master Bedroom,25,88,medium,188.02710154112503,True,True,False,-1.11,31.2,12.5,18.49842003180012,0.1845,0.25,peak,71,98,-58,-1.5,16.5,1
2025-12-01 17:31:07.125073,20.0,auto,auto,18.2,69.0,1280,2.8,39.8,clear,9.7,224.2813819161528,heating,0.759,5.363404562406583,1600,33.4,18.2,89.73956162290752,179.87288116017032,3.06,Master Bedroom,25,88,medium,88.30997523086508,False,True,False,-1.21,35.5,12.0,18.212198479197806,0.1898,0.25,peak,0,95,-47,-1.8,15.4,8
2025-12-01 17:46:07.125073,20.0,auto,auto,18.5,70.0,1200,0.9,56.8,snow,5.7,269.81164692225514,heating,0.74,4.593689270965207,1600,40.8,18.5,72.3797953066819,170.34101645428188,3.16,Master Bedroom,25,80,medium,80.04233874799192,False,True,False,-1.12,31.6,12.5,18.468770243011598,0.185,0.25,peak,22,92,-40,-1.5,17.6,16
2025-12-01 11:01:07.125073,18.0,auto,auto,20.1,70.0,500,6.7,66.9,rain,20.9,737.3420363068992,cooling,0.63,6.242043857468907,800,5.3,20.1,86.47634326905956,169.0126134950562,3.78,Master Bedroom,25,10,low,10.123889904573446,False,False,False,-0.61,12.9,14.1,20.08068128582297,0.0945,0.15,mid-peak,63,82,-68,2.1,13.4,0
2025-12-01 11:16:07.125073,18.0,auto,auto,19.8,70.0,540,8.5,62.8,clear,16.5,696.215752061088,cooling,0.61,5.29507868631903,1200,10.4,19.8,71.64742917762656,182.06552923313257,3.72,Master Bedroom,25,14,low,14.33456483663359,False,False,False,-0.72,15.8,13.8,19.76502622877301,0.0915,0.15,mid-peak,31,98,-63,1.8,11.3,4
2025-12-01 11:31:07.125073,18.0,auto,auto,20.5,57.3,590,14.6,34.4,partly_cloudy,19.4,682.9939209621583,cooling,0.658,7.597303032064307,1600,10.5,20.5,78.39699185350439,180.38874058813812,3.51,Master Bedroom,25,19,low,18.801361646499785,False,False,False,-0.47,9.6,12.0,20.532434344021436,0.0987,0.15,mid-peak,90,98,-43,2.5,5.9,19
2025-12-01 11:46:07.125073,18.0,auto,auto,19.6,70.0,640,3.2,62.8,rain,17.8,856.6309429870971,cooling,0.6,4.819047623201346,800,9.6,19.6,86.9700732288403,173.4941169315316,3.89,Master Bedroom,25,24,low,23.505897265318314,False,False,False,-0.77,17.4,13.6,19.606349207733782,0.09,0.15,mid-peak,72,82,-54,1.6,16.4,15
2025-12-01 17:01:07.125073,20.0,auto,auto,18.3,70.0,1360,1.7,63.5,snow,25.6,203.7709583108632,heating,0.752,5.0889186376249285,1200,39.1,18.3,86.91894039061782,166.4288517663375,3.12,Master Bedroom,25,96,medium,195.9017447529694,True,True,False,-1.18,34.1,12.3,18.303693787458357,0.188,0.25,peak,26,89,-41,-1.7,16.6,14
2025-12-01 17:16:07.125073,20.0,auto,auto,18.9,65.1,1330,3.0,45.8,clear,15.8,267.2816200488519,heating,0.71,3.3984378624942266,800,38.2,18.9,74.65795713759192,182.64404178440907,3.05,Master Bedroom,25,93,medium,92.54315670129131,False,True,False,-1.0,26.0,11.9,18.86718737916859,0.1775,0.25,peak,67,90,-61,-1.1,15.9,15
2025-12-01 17:31:07.125073,20.0,auto,auto,19.0,70.0,1320,6.3,54.4,partly_cloudy,3.8,172.75780148155872,heating,0.7,3.00606896180922,1600,39.5,19.0,75.88794772098618,175.33045417399148,2.88,Master Bedroom,25,92,medium,92.35289572736013,False,True,False,-0.96,24.3,13.0,18.99797701273026,0.175,0.25,peak,65,82,-69,-1.0,12.7,15
2025-12-01 17:46:07.125073,20.0,auto,auto,18.8,70.0,1350,8.0,67.7,clear,20.1,172.1736519267076,heating,0.718,3.730070843474241,1200,35.0,18.8,75.97530859485468,167.11899388809798,2.8,Master Bedroom,25,95,medium,94.84106724946636,False,True,False,-1.03,27.5,12.8,18.756643052175253,0.1795,0.25,peak,33,96,-51,-1.2,10.8,17
2025-12-01 23:01:07.125073,22.0,auto,auto,19.1,65.9,470,-4.9,49.0,partly_cloudy,26.5,0.0,heating,0.842,8.698926883391099,800,38.8,19.1,70.60845591774587,172.8288911828213,3.44,Master Bedroom,25,7,sleep,7.023665215164565,False,True,False,-0.93,23.5,12.3,19.1003577055363,0.0842,0.1,off-peak,49,92,-59,-2.9,24.0,12
2025-12-01 23:16:07.125073,22.0,auto,auto,19.3,64.3,440,-5.3,47.3,partly_cloudy,28.8,0.0,heating,0.827,8.088575126470932,1600,35.9,19.3,74.38629825628024,187.79284565336621,3.47,Master Bedroom,25,4,sleep,3.8245494249157885,False,True,False,-0.87,20.9,12.2,19.303808291176356,0.0827,0.1,off-peak,82,95,-63,-2.7,24.6,11
2025-12-01 23:31:07.125073,22.0,auto,auto,19.0,70.0,410,-6.1,54.0,partly_cloudy,4.2,0.0,heating,0.854,9.14684436205949,800,37.2,19.0,84.28445995419222,175.92759670338555,3.51,Master Bedroom,25,1,sleep,1.1533063603019034,False,True,False,-0.98,25.4,13.0,18.951051879313503,0.0854,0.1,off-peak,88,92,-63,-3.0,25.1,19
2025-12-01 23:46:07.125073,22.0,auto,auto,19.6,70.0,420,-6.4,61.9,rain,29.3,0.0,heating,0.808,7.316367592988954,1600,43.7,19.6,73.28195542143088,186.49222507064277,3.52,Master Bedroom,25,2,sleep,1.9290848166005503,False,True,False,-0.79,18.0,13.6,19.561210802337015,0.0808,0.1,off-peak,20,97,-45,-2.4,26.0,18
2025-12-02 05:01:07.125073,23.0,auto,auto,20.9,70.0,410,3.2,63.7,cloudy,8.1,0.0,heating,0.782,6.276761915407668,800,38.6,20.9,74.30994594049092,173.0654234069023,3.04,Master Bedroom,25,1,sleep,0.5341095414664931,False,True,False,-0.35,7.6,14.9,20.907746028197444,0.0782,0.1,off-peak,31,100,-67,-2.1,17.7,11
2025-12-02 05:16:07.125073,23.0,auto,auto,20.6,70.0,450,-0.4,66.7,cloudy,13.1,0.0,heating,0.803,7.120430533940738,1600,41.7,20.6,79.68207709908857,182.67629957079149,3.22,Master Bedroom,25,5,sleep,5.217922600901153,False,True,False,-0.44,9.1,14.6,20.626523155353087,0.0803,0.1,off-peak,61,83,-49,-2.4,21.0,19
2025-12-02 05:31:07.125073,23.0,auto,auto,20.7,69.1,410,-0.6,53.3,snow,14.9,0.0,heating,0.798,6.928902013146665,1600,41.4,20.7,79.39705412571038,165.75704943323328,3.23,Master Bedroom,25,1,sleep,0.6329278213090228,False,True,False,-0.42,8.7,14.5,20.69036599561778,0.0798,0.1,off-peak,74,80,-45,-2.3,21.3,8
2025-12-02 05:46:07.125073,23.0,auto,auto,20.9,70.0,460,-1.0,73.8,partly_cloudy,16.9,0.0,heating,0.78,6.187856257965411,1200,36.8,20.9,83.02266686577543,182.4656835711841,3.25,Master Bedroom,25,6,sleep,5.9301833842201015,False,True,False,-0.34,7.4,14.9,20.937381247344863,0.078,0.1,off-peak,22,82,-62,-2.1,21.9,2
2025-12-02 11:01:07.125073,21.0,auto,auto,22.1,62.4,700,7.8,43.6,rain,7.5,686.6951744441692,cooling,0.572,3.448688392338923,1200,7.9,22.1,73.75949602211517,170.17233312332374,3.74,Master Bedroom,25,30,low,29.692676081399917,False,False,False,0.05,5.0,14.6,22.149562797446308,0.0858,0.15,mid-peak,32,88,-63,1.1,14.3,16
2025-12-02 11:16:07.125073,21.0,auto,auto,22.4,65.4,650,13.1,47.0,snow,12.4,805.981773316557,cooling,0.588,4.214869096096436,1200,13.2,22.4,84.96761499457533,185.3350671744285,3.56,Master Bedroom,25,25,low,25.318574163875596,False,False,False,0.13,5.3,15.5,22.40495636536548,0.0882,0.15,mid-peak,16,98,-57,1.4,9.3,15
2025-12-02 11:31:07.125073,21.0,auto,auto,22.4,69.3,650,9.8,59.2,clear,16.1,765.875450222568,cooling,0.587,4.19262321099988,1600,13.1,22.4,73.61925968128594,191.43587457064075,3.67,Master Bedroom,25,25,low,24.788551852522588,False,False,False,0.13,5.3,16.2,22.397541070333293,0.088,0.15,mid-peak,41,88,-53,1.4,12.6,11
2025-12-02 11:46:07.125073,21.0,auto,auto,23.2,70.0,660,6.9,85.2,rain,20.5,848.1939438843478,cooling,0.635,6.4846402892374755,1200,8.3,23.2,74.82810596625087,166.03548358352288,3.77,Master Bedroom,25,26,low,25.89078090481138,False,False,False,0.37,7.9,17.2,23.16154676307916,0.0952,0.15,mid-peak,11,84,-68,2.2,16.3,14
2025-12-02 17:01:07.125073,19.0,auto,auto,17.9,70.0,1230,2.2,55.6,cloudy,3.0,113.02168716992792,heating,0.706,3.2572104259836188,800,39.0,17.9,73.69034834520053,180.03125599534647,3.09,Master Bedroom,25,83,medium,83.33779642009112,False,True,False,-1.3,40.3,11.9,17.914263191338794,0.1765,0.25,peak,82,91,-44,-1.1,15.7,11
2025-12-02 17:16:07.125073,19.0,auto,auto,18.5,68.4,1250,9.0,48.2,snow,11.0,196.40701065122983,off,0.0,0.0,0,18.53522785284366,18.53522785284366,50.34435638257348,121.34784970845969,0.0,Master Bedroom,25,85,medium,85.17967295130784,False,True,False,-1.1,30.6,12.2,18.53522785284366,0.0,0.25,peak,49,87,-63,-0.5,9.5,1
2025-12-02 17:31:07.125073,19.0,auto,auto,16.8,70.0,1300,3.4,71.7,rain,17.3,117.63176572067651,heating,0.789,6.553639004893974,1200,37.1,16.8,86.89236251306862,194.35714878007883,3.03,Master Bedroom,25,90,medium,189.59552292574307,True,True,False,-1.65,59.0,10.8,16.815453665035342,0.1972,0.25,peak,57,81,-60,-2.2,13.4,18
2025-12-02 17:46:07.125073,19.0,auto,auto,17.9,70.0,1280,5.1,57.9,cloudy,28.8,169.57878238921174,heating,0.705,3.1831113966120093,1600,40.3,17.9,88.35636504964245,168.92850914823097,2.94,Master Bedroom,25,88,medium,87.59113823269813,False,True,False,-1.29,39.9,11.9,17.938962867795997,0.1762,0.25,peak,77,82,-69,-1.1,12.8,0
2025-12-02 11:01:07.125073,18.0,auto,auto,19.6,70.0,530,8.6,56.0,partly_cloudy,4.2,726.5391324882168,cooling,0.598,4.701154883303506,1600,10.3,19.6,87.31047010445005,191.1938255560228,3.71,Master Bedroom,25,13,low,13.063518319875955,False,False,False,-0.78,17.8,13.6,19.567051627767835,0.0897,0.15,mid-peak,78,83,-65,1.6,11.0,17
2025-12-02 11:16:07.125073,18.0,auto,auto,20.5,70.0,540,11.3,65.0,cloudy,6.1,769.3987620560786,cooling,0.657,7.551741528710934,1600,9.3,20.5,88.00667548363941,188.2325768779247,3.62,Master Bedroom,25,14,low,14.177929851735632,False,False,False,-0.47,9.7,14.5,20.517247176236978,0.0986,0.15,mid-peak,8,93,-64,2.5,9.2,4
2025-12-02 11:31:07.125073,18.0,auto,auto,20.4,67.6,640,8.0,54.3,partly_cloudy,10.3,804.1906944984191,cooling,0.65,7.202348873305539,800,10.1,20.4,72.64902707346994,167.94582834911373,3.73,Master Bedroom,25,24,low,23.843649296883367,False,False,False,-0.51,10.5,13.9,20.400782957768513,0.0975,0.15,mid-peak,4,92,-51,2.4,12.4,14
2025-12-02 11:46:07.125073,18.0,auto,auto,19.7,66.0,670,6.2,50.8,rain,24.9,676.0122093227957,cooling,0.609,5.2104678754317995,1200,9.6,19.7,85.3418664254308,172.0466019059518,3.79,Master Bedroom,25,27,low,26.94640248226008,False,False,False,-0.72,16.1,12.9,19.736822625143933,0.0914,0.15,mid-peak,30,96,-63,1.7,13.5,13
2025-12-02 17:01:07.125073,20.0,auto,auto,17.6,70.0,1370,-0.2,76.1,snow,7.2,163.83781632661425,heating,0.805,7.216119345864854,1600,33.5,17.6,83.84284076331055,175.71413185589137,3.21,Master Bedroom,25,97,medium,196.63261273403367,True,True,False,-1.4,45.6,11.6,17.594626884711715,0.2013,0.25,peak,68,86,-46,-2.4,17.8,5
2025-12-02 17:16:07.125073,20.0,auto,auto,18.2,70.0,1380,7.1,64.6,snow,7.5,210.47066151596624,heating,0.761,5.431928568175628,1600,42.3,18.2,89.08044283915538,185.322369808739,2.84,Master Bedroom,25,98,medium,98.21307375902406,False,True,False,-1.21,35.9,12.2,18.189357143941457,0.1902,0.25,peak,90,90,-46,-1.8,11.1,16
2025-12-02 17:31:07.125073,20.0,auto,auto,18.4,60.2,1210,7.4,39.8,snow,25.4,239.5235450836505,heating,0.748,4.9094046042746164,800,42.0,18.4,85.90555715990388,168.35811402140686,2.83,Master Bedroom,25,81,medium,80.70657667758302,False,True,False,-1.16,33.2,10.4,18.363531798575128,0.187,0.25,peak,59,89,-57,-1.6,11.0,12
2025-12-02 17:46:07.125073,20.0,auto,auto,18.2,68.4,1360,1.1,47.6,cloudy,3.3,254.04668892618523,heating,0.76,5.41391455339944,800,39.4,18.2,84.11365288521945,188.3779854305505,3.14,Master Bedroom,25,96,medium,95.85660143064818,False,True,False,-1.21,35.8,11.9,18.19536181553352,0.19,0.25,peak,32,97,-50,-1.8,17.1,5
2025-12-02 23:01:07.125073,22.0,auto,auto,19.3,70.0,480,-3.5,67.9,cloudy,29.9,0.0,heating,0.826,8.058057201203454,1600,42.4,19.3,74.79558453187167,190.32546878847248,3.38,Master Bedroom,25,8,sleep,7.910740711593722,False,True,False,-0.87,20.8,13.3,19.313980932932182,0.0826,0.1,off-peak,30,98,-41,-2.7,22.8,7
2025-12-02 23:16:07.125073,22.0,auto,auto,19.2,65.5,450,-6.5,48.4,clear,29.9,0.0,heating,0.833,8.330694157916291,1200,36.4,19.2,81.7311358363012,190.7241159749214,3.53,Master Bedroom,25,5,sleep,4.85522193918346,False,True,False,-0.9,21.9,12.3,19.223101947361236,0.0833,0.1,off-peak,76,81,-64,-2.8,25.7,7
2025-12-02 23:31:07.125073,22.0,auto,auto,19.1,70.0,460,-8.9,69.8,partly_cloudy,9.3,0.0,heating,0.846,8.82900139306668,800,37.5,19.1,72.6366298165401,176.82106390342955,3.64,Master Bedroom,25,6,sleep,5.962657646497464,False,True,False,-0.95,24.0,13.1,19.05699953564444,0.0846,0.1,off-peak,51,81,-47,-2.9,28.0,8
2025-12-02 23:46:07.125073,22.0,auto,auto,18.4,70.0,440,-11.9,88.6,cloudy,27.7,0.0,heating,0.896,10.848663262858107,800,37.0,18.4,75.04038100183998,178.87894551874592,3.8,Master Bedroom,25,4,sleep,4.140422977921058,False,True,False,-1.17,33.6,12.4,18.38377891238063,0.0896,0.1,off-peak,20,87,-56,-3.6,30.3,13
2025-12-03 05:01:07.125073,23.0,auto,auto,21.4,65.3,450,-0.3,46.0,snow,27.3,0.0,heating,0.742,4.688110831311452,1200,42.9,21.4,70.223793651898,186.3234088626901,3.22,Master Bedroom,25,5,sleep,4.638842064419466,False,True,False,-0.18,5.7,14.5,21.43729638956285,0.0742,0.1,off-peak,60,80,-65,-1.6,21.7,2
2025-12-03 05:16:07.125073,23.0,auto,auto,20.5,70.0,440,-1.4,69.6,snow,17.1,0.0,heating,0.811,7.422043540247461,800,43.7,20.5,74.83129036166048,174.48954229613793,3.27,Master Bedroom,25,4,sleep,4.327841617927328,False,True,False,-0.48,9.7,14.5,20.52598548658418,0.0811,0.1,off-peak,60,99,-52,-2.5,21.9,3
2025-12-03 05:31:07.125073,23.0,auto,auto,20.2,70.0,490,-7.2,62.6,partly_cloudy,10.1,0.0,heating,0.833,8.303516789954958,1600,36.1,20.2,89.52277529798589,174.54871732234255,3.56,Master Bedroom,25,9,sleep,8.538957098887433,False,True,False,-0.57,11.8,14.2,20.232161070015014,0.0833,0.1,off-peak,49,87,-42,-2.8,27.4,17
2025-12-03 05:46:07.125073,23.0,auto,auto,19.9,70.0,470,-4.3,56.1,cloudy,13.9,0.0,heating,0.855,9.180459858121317,1600,41.1,19.9,77.52051761926236,190.4698581711656,3.42,Master Bedroom,25,7,sleep,7.0992873286098295,False,True,False,-0.66,14.3,13.9,19.93984671395956,0.0855,0.1,off-peak,85,89,-47,-3.1,24.2,2
2025-12-03 11:01:07.125073,21.0,auto,auto,22.5,69.9,650,9.5,62.4,clear,7.7,748.4602037424272,cooling,0.596,4.60592389295201,1200,13.2,22.5,76.87856702059528,180.9543037524141,3.68,Master Bedroom,25,25,low,24.979125953152316,False,False,False,0.17,5.6,16.5,22.535307964317337,0.0894,0.15,mid-peak,35,97,-67,1.5,13.0,1
2025-12-03 11:01:07.125073,18.0,auto,auto,19.9,70.0,700,10.9,53.1,partly_cloudy,13.2,804.048612896661,cooling,0.618,5.685381740697547,1200,5.5,19.9,86.00941326548252,183.7868214624017,3.64,Master Bedroom,25,30,low,29.552773511073347,False,False,False,-0.67,14.6,13.9,19.895127246899182,0.0927,0.15,mid-peak,59,86,-69,1.9,9.0,7
